ROWID,name,age,address,fir_rowid,gender,person_id,arrest_date,arrest_state,arrest_district,arrest_station,arrest_officer_name
1,Ganesh Moily,23,"Koramangala, Bengaluru City",1,Male,P-0074,2024-08-25,Karnataka,Bengaluru City,Jayanagar PS,ASI Bharath Iyer
2,Murali Moily,39,"Koramangala, Bengaluru City",1,Male,P-0075,2024-09-23,Karnataka,Bengaluru City,Jayanagar PS,SI Ambika Kamat
3,Yashoda Khan,43,"Cubbon Park, Bengaluru City",3,Female,P-0076,2024-08-25,Karnataka,Bengaluru City,Jayanagar PS,DySP Anil Kini
4,Ajay Shetty,39,"Azad Nagar, Davanagere",4,Male,P-0077,,,,,
5,Ganesh Shetty,39,"Azad Nagar, Davanagere",4,Male,P-0078,2024-08-06,Karnataka,Davanagere,Nittuvalli PS,PSI Abdul Bangera
6,Raghavendra Bangera,28,"Tilak Nagar, Shivamogga",5,Male,P-0057,2024-09-16,Karnataka,Shivamogga,Kote PS,SI Murali Sequeira
7,Gopal Jadhav,19,"Jayanagar, Bengaluru City",6,Male,P-0079,,,,,
8,Riyaz Hegde,42,"Jayanagar, Bengaluru City",6,Male,P-0080,2024-08-31,Karnataka,Bengaluru City,Whitefield PS,SI Pallavi Sait
9,Rakesh Madiwal,30,"Cubbon Park, Bengaluru City",7,Male,P-0081,,,,,
10,Usha Suvarna,22,"Sira Gate, Tumakuru",8,Female,P-0082,2024-09-13,Karnataka,Tumakuru,Kyathsandra PS,SI Basavaraj Shanbhag
11,Satish Sheikh,31,"Sira Gate, Tumakuru",8,Male,P-0083,2024-08-29,Karnataka,Tumakuru,Kyathsandra PS,DySP Rakesh Karanth
12,Hanumantha Devadiga,24,"Toranagallu, Ballari",9,Male,P-0084,2024-09-13,Karnataka,Ballari,Cowl Bazar PS,SI Krishna DSouza
13,Parvathi Murthy,25,"Station Road, Vijayapura",10,Female,P-0085,2024-08-14,Karnataka,Vijayapura,Adarsh Nagar PS,Inspector Manjunath Sequeira
14,Wilson Naik,22,"Surathkal, Mangaluru",12,Male,P-0086,,,,,
15,Karthik Bangera,38,"Antharasanahalli, Tumakuru",13,Male,P-0087,,,,,
16,Gopal Madiwal,36,"Antharasanahalli, Tumakuru",13,Male,P-0088,2024-08-20,Karnataka,Tumakuru,Sira Gate PS,SI Sanjay Karanth
17,Ajay Pai,19,"Antharasanahalli, Tumakuru",13,Male,P-0089,,,,,
18,Anitha Adiga,22,"Chowk, Kalaburagi",15,Female,P-0090,,,,,
19,Abdul Biradar,38,"Kyathsandra, Tumakuru",17,Male,P-0091,,,,,
20,Shankar Shetty,44,"Kyathsandra, Tumakuru",17,Male,P-0092,2024-09-09,Karnataka,Tumakuru,Sira Gate PS,ASI Harish Prabhu
21,Venkatesh Puthran,33,"Kyathsandra, Tumakuru",17,Male,P-0093,,,,,
22,Manjunath Kini,28,"Doddapete, Shivamogga",18,Male,P-0094,2024-08-24,Karnataka,Shivamogga,Kote PS,DySP Suresh Acharya
23,Mohan Deshpande,45,"Doddapete, Shivamogga",18,Male,P-0095,,,,,
24,Karthik Devadiga,44,"Doddapete, Shivamogga",18,Male,P-0096,,,,,
25,Ravi Chavan,43,"Panambur, Mangaluru",20,Male,P-0097,,,,,
26,Yash Kini,26,"Panambur, Mangaluru",20,Male,P-0098,,,,,
27,Imran Swamy,22,"Panambur, Mangaluru",20,Male,P-0099,,,,,
28,Yashoda Sharma,34,"Cowl Bazar, Ballari",22,Female,P-0100,2024-08-17,Karnataka,Ballari,Bruce Pete PS,SI Riyaz Rai
29,Shivakumar Fernandes,26,"Whitefield, Bengaluru City",23,Male,P-0101,2024-08-29,Karnataka,Bengaluru City,Koramangala PS,SI Bhavya Kamath
30,Peter Udupa,43,"Whitefield, Bengaluru City",23,Male,P-0102,2024-08-11,Karnataka,Bengaluru City,Koramangala PS,Inspector Farhan Sharma
31,Venkatesh Naik,37,"Cubbon Park, Bengaluru City",24,Male,P-0103,2024-09-30,Karnataka,Bengaluru City,Indiranagar PS,PSI Hanumantha Udupa
32,Vikram Kini,32,"Kote, Shivamogga",25,Male,P-0104,,,,,
33,Nagaraj Fernandes,33,"Doddapete, Shivamogga",26,Male,P-0105,2024-08-23,Karnataka,Shivamogga,Tilak Nagar PS,ASI Peter Udupa
34,Mohan Baig,44,"KTJ Nagar, Davanagere",27,Male,P-0106,2024-08-23,Karnataka,Davanagere,Nittuvalli PS,ASI Abdul Karanth
35,Charan Shanbhag,48,"Whitefield, Bengaluru City",29,Male,P-0107,,,,,
36,Raghavendra Iyer,44,"Cubbon Park, Bengaluru City",30,Male,P-0108,2024-09-21,Karnataka,Bengaluru City,Jayanagar PS,ASI Bharath Iyer
37,Murali Biradar,39,"Saraswathipuram, Mysuru",31,Male,P-0109,2024-09-06,Karnataka,Mysuru,Devaraja PS,ASI Madhu Kattimani
38,Vikram Bangera,40,"MSK Mill, Kalaburagi",32,Male,P-0110,2024-08-25,Karnataka,Kalaburagi,Brahmpur PS,DySP Jagadish Hiremath
39,Satish Bhat,45,"Jayanagar, Bengaluru City",33,Male,P-0111,2024-09-21,Karnataka,Bengaluru City,Cubbon Park PS,SI Shivakumar Pinto
40,Uma Hegde,44,"Jayanagar, Bengaluru City",34,Female,P-0112,,,,,
41,Charan Amin,43,"Jayanagar, Bengaluru City",34,Male,P-0113,2024-09-03,Karnataka,Bengaluru City,Yeshwanthpur PS,ASI Manjunath Kulkarni
42,Imran Karanth,22,"Yeshwanthpur, Bengaluru City",35,Male,P-0114,2024-10-09,Karnataka,Bengaluru City,Koramangala PS,DySP Suresh Kulkarni
43,Murali Biradar,32,"Bethur Road, Davanagere",37,Male,P-0115,2024-09-13,Karnataka,Davanagere,Azad Nagar PS,PSI Rajesh Kotian
44,Darshan Gowda,36,"Bethur Road, Davanagere",37,Male,P-0116,,,,,
45,Irfan Suvarna,38,"Station Road, Vijayapura",38,Male,P-0117,2024-08-27,Karnataka,Vijayapura,Jorapur Peth PS,PSI Shobha Gowda
46,Murali Joshi,25,"Cubbon Park, Bengaluru City",39,Male,P-0118,2024-08-22,Karnataka,Bengaluru City,Yeshwanthpur PS,ASI Bharath Bangera
47,Venkatesh Salian,34,"Whitefield, Bengaluru City",40,Male,P-0119,,,,,
48,Vikram Moily,34,"Whitefield, Bengaluru City",40,Male,P-0120,,,,,
49,Vikram Rai,43,"Whitefield, Bengaluru City",40,Male,P-0121,2024-10-04,Karnataka,Bengaluru City,Jayanagar PS,ASI Bharath Iyer
50,Irfan Kulkarni,30,"Yeshwanthpur, Bengaluru City",41,Male,P-0122,2024-09-11,Karnataka,Bengaluru City,Whitefield PS,SI Ajay Patil
51,Ajay Shanbhag,36,"Yeshwanthpur, Bengaluru City",41,Male,P-0123,2024-10-06,Karnataka,Bengaluru City,Whitefield PS,SI Pallavi Sait
52,Satish Iyengar,45,"Hassan Town, Hassan",42,Male,P-0124,,,,,
53,Venkatesh Puthran,40,"Saraswathipuram, Mysuru",43,Male,P-0125,,,,,
54,Thomas Rai,36,"Old Hubballi, Hubballi-Dharwad",44,Male,P-0126,,,,,
55,Charan Bangera,31,"Whitefield, Bengaluru City",45,Male,P-0127,2024-09-26,Karnataka,Bengaluru City,Yeshwanthpur PS,PSI Anand Poojary
56,Syed Shinde,27,"Gokul Road, Hubballi-Dharwad",46,Male,P-0128,,,,,
57,Peter Murthy,24,"Cubbon Park, Bengaluru City",47,Male,P-0129,,,,,
58,Hanumantha Sharma,19,"Cubbon Park, Bengaluru City",47,Male,P-0130,2024-09-04,Karnataka,Bengaluru City,Jayanagar PS,Inspector Umesh Hiremath
59,Sandhya Devadiga,44,"Salagame Road, Hassan",48,Female,P-0131,,,,,
60,Bhavya Alva,28,"Chowk, Kalaburagi",56,Female,P-0132,2024-09-17,Karnataka,Kalaburagi,MSK Mill PS,DySP Praveen Lobo
61,Mahesh Kamat,24,"Whitefield, Bengaluru City",57,Male,P-0133,2024-09-06,Karnataka,Bengaluru City,Koramangala PS,SI Bhavya Kamath
62,Manjunath Joshi,22,"Gokul Road, Hubballi-Dharwad",58,Male,P-0134,,,,,
63,Dinesh Adiga,47,"Vidyanagar, Hubballi-Dharwad",59,Male,P-0135,2024-09-17,Karnataka,Hubballi-Dharwad,Gokul Road PS,SI Charan Kulkarni
64,Ravi Joshi,23,"Lashkar, Mysuru",61,Male,P-0136,,,,,
65,Rohan Biradar,24,"Bidadi, Ramanagara",62,Male,P-0137,2024-09-09,Karnataka,Ramanagara,Kanakapura Road PS,Inspector Raghavendra Swamy
66,Lokesh Pai,22,"Bethur Road, Davanagere",63,Male,P-0138,,,,,
67,Prakash Gowda,25,"Malpe, Udupi",64,Male,P-0139,,,,,
68,Mahesh Salian,45,"Malpe, Udupi",64,Male,P-0140,,,,,
69,Murali Reddy,41,"Jayanagar, Bengaluru City",65,Male,P-0141,2024-10-17,Karnataka,Bengaluru City,Yeshwanthpur PS,ASI Irfan Udupa
70,Srinivas Reddy,21,"Jayanagar, Bengaluru City",65,Male,P-0142,2024-10-01,Karnataka,Bengaluru City,Yeshwanthpur PS,ASI Bharath Bangera
71,Jagadish Ballal,45,"Old Hubballi, Hubballi-Dharwad",66,Male,P-0143,2024-10-04,Karnataka,Hubballi-Dharwad,Vidyanagar PS,ASI Jagadish Alva
72,Sandhya Reddy,42,"Old Hubballi, Hubballi-Dharwad",66,Female,P-0144,2024-10-09,Karnataka,Hubballi-Dharwad,Vidyanagar PS,SI Ajay Kini
73,Yash Iyengar,48,"Tilakwadi, Belagavi",69,Male,P-0145,,,,,
74,Vinod Kattimani,29,"Tilakwadi, Belagavi",71,Male,P-0146,2024-09-02,Karnataka,Belagavi,Shahapur PS,PSI Raghavendra Moily
75,Murali Prabhu,23,"Gandhi Chowk, Vijayapura",73,Male,P-0147,2024-09-29,Karnataka,Vijayapura,Adarsh Nagar PS,Inspector Manjunath Sequeira
76,Mohan Pawar,39,"Cubbon Park, Bengaluru City",75,Male,P-0148,2024-09-20,Karnataka,Bengaluru City,Whitefield PS,SI Ajay Patil
77,Ajay Hegde,21,"Jorapur Peth, Vijayapura",76,Male,P-0149,,,,,
78,Yash Kini,47,"Channapatna, Ramanagara",77,Male,P-0051,,,,,
79,Umesh Ballal,25,"Bethur Road, Davanagere",78,Male,P-0150,,,,,
80,Vinod Moily,39,"Bethur Road, Davanagere",78,Male,P-0151,,,,,
81,Mustafa Sequeira,26,"Cubbon Park, Bengaluru City",79,Male,P-0152,2024-10-11,Karnataka,Bengaluru City,Koramangala PS,SI Bhavya Kamath
82,Chetan Acharya,41,"KTJ Nagar, Davanagere",80,Male,P-0153,,,,,
83,Anand Nayak,48,"KTJ Nagar, Davanagere",80,Male,P-0154,2024-09-02,Karnataka,Davanagere,Bethur Road PS,DySP Girish Kamath
84,Mohan Karanth,21,"MSK Mill, Kalaburagi",81,Male,P-0155,,,,,
85,Farhan Khan,36,"Yeshwanthpur, Bengaluru City",82,Male,P-0156,2024-09-11,Karnataka,Bengaluru City,Jayanagar PS,SI Ambika Kamat
86,Anand Murthy,20,"Gokul Road, Hubballi-Dharwad",84,Male,P-0157,,,,,
87,Darshan Kattimani,36,"Azad Nagar, Davanagere",87,Male,P-0045,2024-10-27,Karnataka,Davanagere,Bethur Road PS,Inspector Jagadish Adiga
88,Praveen Pai,29,"Hassan Town, Hassan",88,Male,P-0158,,,,,
89,Hanumantha Pai,23,"Tumakuru Town, Tumakuru",89,Male,P-0159,2024-09-10,Karnataka,Tumakuru,Antharasanahalli PS,ASI Spandana Sequeira
90,Shankar Karanth,42,"Devaraja, Mysuru",90,Male,P-0160,2024-09-21,Karnataka,Mysuru,Saraswathipuram PS,ASI Nithin Prabhu
91,Arun Kini,28,"Devaraja, Mysuru",90,Male,P-0161,2024-09-10,Karnataka,Mysuru,Saraswathipuram PS,ASI Rohan Pawar
92,Krishna Udupa,36,"Cubbon Park, Bengaluru City",91,Male,P-0162,2024-09-21,Karnataka,Bengaluru City,Yeshwanthpur PS,ASI Irfan Udupa
93,Lokesh Gowda,21,"Yeshwanthpur, Bengaluru City",93,Male,P-0163,2024-10-14,Karnataka,Bengaluru City,Cubbon Park PS,PSI Venkatesh Sharma
94,Satish Karanth,45,"Jayanagar, Bengaluru City",94,Male,P-0164,2024-09-23,Karnataka,Bengaluru City,Koramangala PS,DySP Suresh Kulkarni
95,Sunil Sheikh,39,"Channapatna, Ramanagara",95,Male,P-0165,2024-09-26,Karnataka,Ramanagara,Bidadi PS,Inspector Ravi Kotian
96,Hanumantha Poojary,33,"Hassan Town, Hassan",96,Male,P-0166,,,,,
97,Girish Devadiga,45,"Whitefield, Bengaluru City",97,Male,P-0167,,,,,
98,Puneeth Jadhav,34,"Cubbon Park, Bengaluru City",98,Male,P-0168,2024-09-26,Karnataka,Bengaluru City,Whitefield PS,SI Pallavi Sait
99,Girish Alva,37,"Surathkal, Mangaluru",99,Male,P-0169,2024-09-20,Karnataka,Mangaluru,Ullal PS,ASI Krishna Kattimani
100,Satish Poojary,40,"Surathkal, Mangaluru",99,Male,P-0170,,,,,
101,Suma Shetty,24,"MSK Mill, Kalaburagi",100,Female,P-0171,2024-10-01,Karnataka,Kalaburagi,Brahmpur PS,SI Charan Angadi
102,Syed Fernandes,19,"Barke, Mangaluru",101,Male,P-0172,,,,,
103,Yash Bhat,23,"Barke, Mangaluru",101,Male,P-0173,2024-10-23,Karnataka,Mangaluru,Panambur PS,DySP Anand Pinto
104,Sharada Madiwal,23,"Yeshwanthpur, Bengaluru City",105,Female,P-0174,2024-09-23,Karnataka,Bengaluru City,Koramangala PS,PSI Lakshmi Hiremath
105,Darshan Bangera,33,"Koramangala, Bengaluru City",106,Male,P-0175,2024-10-25,Karnataka,Bengaluru City,Cubbon Park PS,PSI Joseph Prabhu
106,Satish Shinde,22,"Kote, Shivamogga",107,Male,P-0176,2024-09-14,Karnataka,Shivamogga,Vinoba Nagar PS,PSI Rajesh Pai
107,Santhosh Alva,24,"Jayanagar, Bengaluru City",108,Male,P-0177,2024-10-11,Karnataka,Bengaluru City,Indiranagar PS,PSI Vikram Sharma
108,Kiran Devadiga,46,"Old Hubballi, Hubballi-Dharwad",109,Male,P-0178,2024-09-08,Karnataka,Hubballi-Dharwad,Vidyanagar PS,Inspector Chetan Hegde
109,Rohan Kotian,27,"Old Hubballi, Hubballi-Dharwad",109,Male,P-0179,2024-10-14,Karnataka,Hubballi-Dharwad,Vidyanagar PS,SI Meghana Devadiga
110,Karthik Alva,33,"Salagame Road, Hassan",110,Male,P-0180,,,,,
111,Srinivas Karanth,42,"Lashkar, Mysuru",111,Male,P-0181,2024-09-09,Karnataka,Mysuru,Saraswathipuram PS,ASI Rekha Naik
112,Rohan Hegde,30,"Lashkar, Mysuru",111,Male,P-0182,,,,,
113,Nithin Adiga,19,"Koramangala, Bengaluru City",113,Male,P-0183,,,,,
114,Arun Pinto,30,"Kadri, Mangaluru",114,Male,P-0184,2024-10-10,Karnataka,Mangaluru,Barke PS,SI Gopal Alva
115,Manjunath DSouza,35,"Kadri, Mangaluru",114,Male,P-0185,,,,,
116,Siddaraju Devadiga,39,"Kadri, Mangaluru",114,Male,P-0186,,,,,
117,Pooja Prabhu,40,"Panambur, Mangaluru",115,Female,P-0187,,,,,
118,Chaitra Acharya,20,"Lashkar, Mysuru",117,Female,P-0188,,,,,
119,Bharath Shanbhag,40,"Koramangala, Bengaluru City",118,Male,P-0189,,,,,
120,Krishna Rai,48,"Koramangala, Bengaluru City",118,Male,P-0190,,,,,
121,Lokesh Poojary,24,"Barke, Mangaluru",119,Male,P-0191,2024-09-27,Karnataka,Mangaluru,Ullal PS,Inspector Madhu Sheikh
122,Prakash Fernandes,31,"Tumakuru Town, Tumakuru",120,Male,P-0192,,,,,
123,Lokesh Karanth,45,"KTJ Nagar, Davanagere",121,Male,P-0193,,,,,
124,Nagaraj Suvarna,43,"Kadri, Mangaluru",122,Male,P-0194,2024-10-17,Karnataka,Mangaluru,Ullal PS,Inspector Sharada Sait
125,Rakesh Biradar,19,"Surathkal, Mangaluru",123,Male,P-0195,2024-09-27,Karnataka,Mangaluru,Kadri PS,SI Peter Amin
126,Satish Fernandes,35,"Yeshwanthpur, Bengaluru City",124,Male,P-0196,2024-11-02,Karnataka,Bengaluru City,Cubbon Park PS,PSI Nagaraj Murthy
127,Dinesh Iyengar,45,"Jorapur Peth, Vijayapura",125,Male,P-0197,2024-10-17,Karnataka,Vijayapura,Station Road PS,Inspector Nagaraj Ballal
128,Pavan Alva,45,"Udupi Town, Udupi",127,Male,P-0198,2024-09-27,Karnataka,Udupi,Kaup PS,SI Satish Kotian
129,Nithin Patil,47,"Saraswathipuram, Mysuru",128,Male,P-0199,2024-10-10,Karnataka,Mysuru,Kuvempunagar PS,PSI Abhishek Devadiga
130,Shilpa Suvarna,35,"Whitefield, Bengaluru City",129,Female,P-0200,,,,,
131,Navya Iyengar,45,"Jayanagar, Bengaluru City",130,Female,P-0201,,,,,
132,Krishna Nayak,31,"Jayanagar, Bengaluru City",130,Male,P-0202,2024-09-26,Karnataka,Bengaluru City,Cubbon Park PS,PSI Nagaraj Murthy
133,Rakesh Gowda,25,"Station Bazar, Kalaburagi",131,Male,P-0203,2024-10-22,Karnataka,Kalaburagi,Brahmpur PS,SI Sagar Chavan
134,Santhosh Joshi,34,"Station Bazar, Kalaburagi",131,Male,P-0204,2024-10-03,Karnataka,Kalaburagi,Brahmpur PS,ASI Praveen Ballal
135,Murali Amin,39,"Indiranagar, Bengaluru City",132,Male,P-0205,2024-09-29,Karnataka,Bengaluru City,Cubbon Park PS,SI Shivakumar Pinto
136,Kiran Pai,23,"Old Hubballi, Hubballi-Dharwad",134,Male,P-0206,2024-09-15,Karnataka,Hubballi-Dharwad,Gokul Road PS,PSI Abdul Kamat
137,Ramesh Shetty,28,"Channapatna, Ramanagara",137,Male,P-0207,2024-10-01,Karnataka,Ramanagara,Kanakapura Road PS,SI Mohan Lobo
138,Riyaz Rao,38,"Khade Bazar, Belagavi",138,Male,P-0208,2024-10-26,Karnataka,Belagavi,Shahapur PS,ASI Siddaraju Pinto
139,Abdul Pinto,30,"Ramanagara Town, Ramanagara",140,Male,P-0209,,,,,
140,Arun Pinto,32,"Shahapur, Belagavi",141,Male,P-0210,,,,,
141,Peter Patil,39,"Tilakwadi, Belagavi",142,Male,P-0211,,,,,
142,Anil Rai,27,"Kadri, Mangaluru",143,Male,P-0212,2024-09-29,Karnataka,Mangaluru,Barke PS,SI Gopal Alva
143,Sunil Bangera,35,"Jorapur Peth, Vijayapura",144,Male,P-0213,,,,,
144,Hanumantha Hegde,31,"Cowl Bazar, Ballari",146,Male,P-0214,2024-10-11,Karnataka,Ballari,Toranagallu PS,PSI Basavaraj Udupa
145,Satish Patil,29,"Vinoba Nagar, Shivamogga",147,Male,P-0215,,,,,
146,Anitha Shanbhag,27,"Vinoba Nagar, Shivamogga",147,Female,P-0216,2024-11-05,Karnataka,Shivamogga,Kote PS,DySP Suresh Acharya
147,Mohan Pasha,19,"Kyathsandra, Tumakuru",148,Male,P-0217,,,,,
148,Abdul Swamy,41,"Lashkar, Mysuru",149,Male,P-0040,,,,,
149,Syed Suvarna,37,"Tilak Nagar, Shivamogga",150,Male,P-0218,2024-10-05,Karnataka,Shivamogga,Kote PS,SI Nagaraj Kamath
150,Chetan Deshpande,21,"Jorapur Peth, Vijayapura",152,Male,P-0219,2024-10-07,Karnataka,Vijayapura,Station Road PS,Inspector Santhosh Devadiga
151,Chandru Khan,24,"Lashkar, Mysuru",153,Male,P-0220,,,,,
152,Arun Poojary,46,"Azad Nagar, Davanagere",154,Male,P-0221,,,,,
153,Murali Shanbhag,38,"Udupi Town, Udupi",155,Male,P-0222,2024-09-30,Karnataka,Udupi,Malpe PS,SI Ganesh Murthy
154,Satish Kini,43,"Udupi Town, Udupi",155,Male,P-0223,,,,,
155,Sanjay Suvarna,34,"Kuvempunagar, Mysuru",156,Male,P-0224,,,,,
156,Mahesh Pasha,29,"Yeshwanthpur, Bengaluru City",157,Male,P-0225,2024-10-14,Karnataka,Bengaluru City,Whitefield PS,SI Ajay Patil
157,Raghavendra Nayak,28,"Yeshwanthpur, Bengaluru City",157,Male,P-0226,2024-09-25,Karnataka,Bengaluru City,Whitefield PS,PSI Santhosh Bangera
158,Girish Chavan,44,"Yeshwanthpur, Bengaluru City",157,Male,P-0227,2024-10-09,Karnataka,Bengaluru City,Whitefield PS,SI Pallavi Sait
159,Usha Kini,35,"Whitefield, Bengaluru City",158,Female,P-0228,2024-09-30,Karnataka,Bengaluru City,Koramangala PS,SI Bhavya Kamath
160,Dinesh Fernandes,26,"Indiranagar, Bengaluru City",159,Male,P-0229,2024-10-02,Karnataka,Bengaluru City,Cubbon Park PS,PSI Nagaraj Murthy
161,Gopal Fernandes,43,"Vinoba Nagar, Shivamogga",160,Male,P-0061,,,,,
162,Santhosh Sharma,28,"Koramangala, Bengaluru City",162,Male,P-0230,2024-11-15,Karnataka,Bengaluru City,Whitefield PS,DySP Vinod Shetty
163,Naveen Prabhu,21,"Indiranagar, Bengaluru City",163,Male,P-0231,2024-11-10,Karnataka,Bengaluru City,Koramangala PS,Inspector Farhan Sharma
164,Sagar Poojary,19,"Khade Bazar, Belagavi",167,Male,P-0232,2024-11-07,Karnataka,Belagavi,Camp PS,DySP Ravi Naik
165,Ravi Chavan,29,"Indiranagar, Bengaluru City",170,Male,P-0233,,,,,
166,Irfan DSouza,28,"Indiranagar, Bengaluru City",170,Male,P-0234,2024-11-12,Karnataka,Bengaluru City,Jayanagar PS,SI Ambika Kamat
167,Shankar Swamy,26,"Yeshwanthpur, Bengaluru City",171,Male,P-0235,,,,,
168,Kiran Kulkarni,28,"Yeshwanthpur, Bengaluru City",171,Male,P-0236,,,,,
169,Jagadish Pasha,31,"Gandhi Chowk, Vijayapura",172,Male,P-0237,,,,,
170,Madhu Bangera,34,"Gandhi Chowk, Vijayapura",172,Male,P-0238,2024-10-24,Karnataka,Vijayapura,Station Road PS,Inspector Prakash Udupa
171,Shankar Joshi,46,"Pension Mohalla, Hassan",173,Male,P-0239,2024-11-07,Karnataka,Hassan,Salagame Road PS,Inspector Abdul Shetty
172,Shruthi Amin,40,"Camp, Belagavi",174,Female,P-0240,2024-11-21,Karnataka,Belagavi,Tilakwadi PS,ASI Sudeep Kamath
173,Ramya Rai,48,"Vinoba Nagar, Shivamogga",175,Female,P-0241,2024-10-14,Karnataka,Shivamogga,Tilak Nagar PS,ASI Peter Udupa
174,Thomas Nayak,28,"Dharwad Town, Hubballi-Dharwad",176,Male,P-0242,2024-11-22,Karnataka,Hubballi-Dharwad,Gokul Road PS,PSI Charan Alva
175,Vikram Sheikh,23,"Dharwad Town, Hubballi-Dharwad",176,Male,P-0243,2024-09-28,Karnataka,Hubballi-Dharwad,Gokul Road PS,PSI Abdul Kamat
176,Basavaraj Pai,25,"Tilak Nagar, Shivamogga",177,Male,P-0244,2024-10-15,Karnataka,Shivamogga,Vinoba Nagar PS,PSI Rajesh Pai
177,Kiran Biradar,38,"Kaup, Udupi",178,Male,P-0058,2024-11-09,Karnataka,Udupi,Udupi Town PS,PSI Sudeep Kini
178,Anil Hiremath,27,"Cubbon Park, Bengaluru City",179,Male,P-0039,,,,,
179,Divya Devadiga,45,"Barke, Mangaluru",180,Female,P-0245,2024-09-30,Karnataka,Mangaluru,Panambur PS,SI Pallavi Joshi
180,Syed Pai,32,"Koramangala, Bengaluru City",182,Male,P-0246,2024-11-06,Karnataka,Bengaluru City,Yeshwanthpur PS,PSI Anand Poojary
181,Prakash Ballal,27,"Kampli Road, Ballari",183,Male,P-0247,2024-11-16,Karnataka,Ballari,Cowl Bazar PS,SI Thomas Salian
182,Nithin Biradar,48,"MSK Mill, Kalaburagi",184,Male,P-0248,,,,,
183,Pavan Sheikh,42,"MSK Mill, Kalaburagi",184,Male,P-0249,2024-11-19,Karnataka,Kalaburagi,Brahmpur PS,ASI Salman Rao
184,Lokesh Bangera,22,"Toranagallu, Ballari",185,Male,P-0068,2024-11-06,Karnataka,Ballari,Bruce Pete PS,SI Ganesh Prabhu
185,Dinesh Kulkarni,27,"Yeshwanthpur, Bengaluru City",186,Male,P-0250,,,,,
186,Ravi Poojary,42,"Yeshwanthpur, Bengaluru City",187,Male,P-0251,2024-10-02,Karnataka,Bengaluru City,Indiranagar PS,PSI Sunil Sheikh
187,Karthik Kamat,44,"Koramangala, Bengaluru City",188,Male,P-0252,2024-10-05,Karnataka,Bengaluru City,Jayanagar PS,SI Ambika Kamat
188,Yash Shetty,19,"Manipal, Udupi",189,Male,P-0253,,,,,
189,Pallavi Sheikh,36,"Surathkal, Mangaluru",190,Female,P-0254,2024-11-21,Karnataka,Mangaluru,Kadri PS,SI Peter Amin
190,Kiran Bangera,27,"Cubbon Park, Bengaluru City",191,Male,P-0255,,,,,
191,Lokesh Angadi,24,"Vidyanagar, Hubballi-Dharwad",192,Male,P-0256,2024-10-17,Karnataka,Hubballi-Dharwad,Old Hubballi PS,ASI Asha Bangera
192,Riyaz Kattimani,40,"Kuvempunagar, Mysuru",193,Male,P-0257,,,,,
193,Wilson Khan,27,"Kuvempunagar, Mysuru",193,Male,P-0258,2024-11-12,Karnataka,Mysuru,Saraswathipuram PS,SI Lakshmi Sait
194,Riyaz Shanbhag,28,"Kuvempunagar, Mysuru",193,Male,P-0259,2024-12-03,Karnataka,Mysuru,Saraswathipuram PS,PSI Lokesh Moily
195,Umesh Hiremath,26,"Koramangala, Bengaluru City",194,Male,P-0260,,,,,
196,Naveen Swamy,48,"Koramangala, Bengaluru City",194,Male,P-0261,,,,,
197,Ajay Hegde,34,"Koramangala, Bengaluru City",194,Male,P-0262,2024-11-17,Karnataka,Bengaluru City,Cubbon Park PS,PSI Venkatesh Sharma
198,Charan Kattimani,27,"Koramangala, Bengaluru City",194,Male,P-0263,,,,,
199,Santhosh Khan,37,"Jayanagar, Bengaluru City",195,Male,P-0264,,,,,
200,Puneeth Angadi,47,"Jayanagar, Bengaluru City",195,Male,P-0265,2024-10-14,Karnataka,Bengaluru City,Whitefield PS,SI Pallavi Sait
201,Shankar Gowda,41,"Indiranagar, Bengaluru City",196,Male,P-0266,,,,,
202,Mahesh Achar,38,"Kote, Shivamogga",197,Male,P-0267,,,,,
203,Pavan Gowda,20,"Yeshwanthpur, Bengaluru City",198,Male,P-0268,,,,,
204,Vijay Ballal,29,"Cubbon Park, Bengaluru City",199,Male,P-0269,,,,,
205,Raghavendra Iyengar,41,"Cubbon Park, Bengaluru City",199,Male,P-0270,2024-11-05,Karnataka,Bengaluru City,Jayanagar PS,SI Ambika Kamat
206,Krishna Shanbhag,24,"Cubbon Park, Bengaluru City",199,Male,P-0271,2024-10-16,Karnataka,Bengaluru City,Jayanagar PS,SI Mary Jadhav
207,Siddaraju Acharya,39,"Toranagallu, Ballari",200,Male,P-0272,,,,,
208,Ganesh Patil,46,"Cubbon Park, Bengaluru City",201,Male,P-0273,2024-11-30,Karnataka,Bengaluru City,Koramangala PS,DySP Suresh Kulkarni
209,Vikram Achar,29,"Vidyanagar, Hubballi-Dharwad",202,Male,P-0274,,,,,
210,Darshan Puthran,21,"Yeshwanthpur, Bengaluru City",203,Male,P-0275,2024-10-31,Karnataka,Bengaluru City,Jayanagar PS,ASI Bharath Iyer
211,Ravi Kamat,24,"Pension Mohalla, Hassan",204,Male,P-0276,,,,,
212,Murali Kattimani,30,"Pension Mohalla, Hassan",204,Male,P-0277,,,,,
213,Jagadish Bangera,36,"Tilak Nagar, Shivamogga",205,Male,P-0278,,,,,
214,Yash Shinde,33,"Tilak Nagar, Shivamogga",205,Male,P-0279,2024-12-04,Karnataka,Shivamogga,Doddapete PS,PSI Puneeth Baig
215,Imran Sharma,42,"Tilak Nagar, Shivamogga",205,Male,P-0280,2024-11-13,Karnataka,Shivamogga,Doddapete PS,ASI Suresh Patil
216,Prakash Deshpande,47,"Koramangala, Bengaluru City",207,Male,P-0281,2024-12-06,Karnataka,Bengaluru City,Cubbon Park PS,PSI Venkatesh Sharma
217,Satish Poojary,44,"Koramangala, Bengaluru City",207,Male,P-0282,2024-12-03,Karnataka,Bengaluru City,Cubbon Park PS,SI Darshan Madiwal
218,Thomas Udupa,34,"Koramangala, Bengaluru City",207,Male,P-0283,2024-11-21,Karnataka,Bengaluru City,Cubbon Park PS,PSI Venkatesh Sharma
219,Mohan Moily,35,"Station Bazar, Kalaburagi",208,Male,P-0284,2024-11-28,Karnataka,Kalaburagi,MSK Mill PS,ASI Deepa Alva
220,Vikram Iyengar,39,"Station Bazar, Kalaburagi",208,Male,P-0285,,,,,
221,Basavaraj Kulkarni,40,"Vidyanagar, Hubballi-Dharwad",209,Male,P-0286,2024-11-18,Karnataka,Hubballi-Dharwad,Old Hubballi PS,ASI Vikram Swamy
222,Irfan Fernandes,26,"Cubbon Park, Bengaluru City",210,Male,P-0287,,,,,
223,Charan Kumar,31,"Cubbon Park, Bengaluru City",210,Male,P-0288,2024-12-07,Karnataka,Bengaluru City,Jayanagar PS,SI Mary Jadhav
224,Riyaz Achar,29,"Whitefield, Bengaluru City",211,Male,P-0289,2024-12-01,Karnataka,Bengaluru City,Koramangala PS,PSI Lakshmi Hiremath
225,Seetha Kattimani,39,"Yeshwanthpur, Bengaluru City",212,Female,P-0290,2024-11-08,Karnataka,Bengaluru City,Whitefield PS,DySP Vinod Shetty
226,Satish Sait,35,"Bruce Pete, Ballari",214,Male,P-0291,,,,,
227,Darshan Kattimani,36,"Azad Nagar, Davanagere",215,Male,P-0045,,,,,
228,Basavaraj Moily,34,"Kuvempunagar, Mysuru",216,Male,P-0292,,,,,
229,Vikram Patil,38,"Kote, Shivamogga",217,Male,P-0293,2024-10-28,Karnataka,Shivamogga,Doddapete PS,SI Savitha Kotian
230,Uma Murthy,25,"Vidyanagar, Hubballi-Dharwad",218,Female,P-0294,,,,,
231,Puneeth Puthran,33,"Kanakapura Road, Ramanagara",220,Male,P-0295,2024-10-22,Karnataka,Ramanagara,Bidadi PS,SI Wilson Prabhu
232,Rajesh Swamy,29,"Kanakapura Road, Ramanagara",220,Male,P-0296,,,,,
233,Thomas Karanth,44,"Kanakapura Road, Ramanagara",220,Male,P-0297,2024-11-13,Karnataka,Ramanagara,Bidadi PS,PSI Puneeth Kamath
234,Ajay Shetty,44,"Indiranagar, Bengaluru City",221,Male,P-0298,2024-11-21,Karnataka,Bengaluru City,Jayanagar PS,Inspector Umesh Hiremath
235,Rohan Udupa,35,"Salagame Road, Hassan",222,Male,P-0299,,,,,
236,Saraswathi Pai,40,"Surathkal, Mangaluru",223,Female,P-0300,2024-11-27,Karnataka,Mangaluru,Panambur PS,SI Shankar Acharya
237,Peter Prabhu,46,"Vidyanagar, Hubballi-Dharwad",224,Male,P-0301,2024-10-16,Karnataka,Hubballi-Dharwad,Gokul Road PS,DySP Sunil Iyer
238,Srinivas Reddy,38,"Vidyanagar, Hubballi-Dharwad",224,Male,P-0302,2024-12-05,Karnataka,Hubballi-Dharwad,Gokul Road PS,DySP Sunil Iyer
239,Dinesh Moily,28,"Indiranagar, Bengaluru City",225,Male,P-0303,,,,,
240,Girish Pasha,29,"Cubbon Park, Bengaluru City",226,Male,P-0304,2024-11-10,Karnataka,Bengaluru City,Whitefield PS,DySP Vinod Shetty
241,Ajay Deshpande,41,"Cubbon Park, Bengaluru City",226,Male,P-0305,,,,,
242,Chandru Pai,33,"Whitefield, Bengaluru City",227,Male,P-0306,,,,,
243,Sanjay Achar,42,"Whitefield, Bengaluru City",227,Male,P-0307,2024-11-23,Karnataka,Bengaluru City,Yeshwanthpur PS,ASI Lokesh Fernandes
244,Abdul Nayak,20,"Whitefield, Bengaluru City",228,Male,P-0308,2024-11-05,Karnataka,Bengaluru City,Jayanagar PS,ASI Bharath Iyer
245,Wilson Pinto,38,"MSK Mill, Kalaburagi",231,Male,P-0309,,,,,
246,Geetha Pai,27,"Jayanagar, Bengaluru City",232,Female,P-0310,,,,,
247,Vijay Hegde,41,"Indiranagar, Bengaluru City",236,Male,P-0311,,,,,
248,Santhosh Biradar,34,"Indiranagar, Bengaluru City",236,Male,P-0312,2024-10-22,Karnataka,Bengaluru City,Whitefield PS,SI Pallavi Sait
249,Rohan Suvarna,27,"Bruce Pete, Ballari",237,Male,P-0313,2024-12-17,Karnataka,Ballari,Toranagallu PS,PSI Basavaraj Chavan
250,Vijay Sheikh,40,"Bruce Pete, Ballari",237,Male,P-0314,2024-10-24,Karnataka,Ballari,Toranagallu PS,ASI Raghavendra Deshpande
251,Bharath Baig,48,"Bruce Pete, Ballari",237,Male,P-0315,,,,,
252,Girish Kotian,46,"Jayanagar, Bengaluru City",238,Male,P-0316,2024-11-05,Karnataka,Bengaluru City,Koramangala PS,DySP Suresh Kulkarni
253,Fathima Udupa,35,"Barke, Mangaluru",239,Female,P-0317,2024-12-04,Karnataka,Mangaluru,Ullal PS,SI Irfan Deshpande
254,Shivakumar Swamy,46,"Koramangala, Bengaluru City",240,Male,P-0318,2024-11-03,Karnataka,Bengaluru City,Jayanagar PS,ASI Bharath Iyer
255,Riyaz Madiwal,38,"Jayanagar, Bengaluru City",241,Male,P-0319,2024-12-16,Karnataka,Bengaluru City,Koramangala PS,SI Bhavya Kamath
256,Vinod Acharya,25,"Ullal, Mangaluru",242,Male,P-0320,2024-10-18,Karnataka,Mangaluru,Surathkal PS,PSI Naveen Bangera
257,Kiran Rao,35,"Station Bazar, Kalaburagi",243,Male,P-0321,2024-11-10,Karnataka,Kalaburagi,MSK Mill PS,DySP Hanumantha Khan
258,Girish Ballal,32,"Station Bazar, Kalaburagi",244,Male,P-0322,2024-11-25,Karnataka,Kalaburagi,Brahmpur PS,PSI Vinod Reddy
259,Raghavendra Bangera,28,"Vinoba Nagar, Shivamogga",245,Male,P-0057,,,,,
260,Santhosh Hiremath,28,"Yeshwanthpur, Bengaluru City",246,Male,P-0004,2024-11-11,Karnataka,Bengaluru City,Whitefield PS,SI Pallavi Sait
261,Venkatesh Adiga,34,"Yeshwanthpur, Bengaluru City",246,Male,P-0002,,,,,
262,Dinesh Puthran,28,"Yeshwanthpur, Bengaluru City",246,Male,P-0003,2024-10-27,Karnataka,Bengaluru City,Whitefield PS,DySP Vinod Shetty
263,Chaitra Poojary,38,"Yeshwanthpur, Bengaluru City",246,Female,P-0005,2024-12-04,Karnataka,Bengaluru City,Whitefield PS,SI Girish Hegde
264,Chandru Sequeira,27,"Bruce Pete, Ballari",247,Male,P-0323,2024-12-03,Karnataka,Ballari,Toranagallu PS,DySP Kiran Biradar
265,Gagan Acharya,31,"Dharwad Town, Hubballi-Dharwad",248,Male,P-0324,,,,,
266,Naveen Swamy,28,"Cubbon Park, Bengaluru City",249,Male,P-0325,2024-12-19,Karnataka,Bengaluru City,Koramangala PS,SI Bhavya Kamath
267,Bharath Rao,19,"Koramangala, Bengaluru City",250,Male,P-0326,2024-12-05,Karnataka,Bengaluru City,Cubbon Park PS,PSI Nagaraj Murthy
268,Praveen Salian,43,"Saraswathipuram, Mysuru",251,Male,P-0327,2024-11-08,Karnataka,Mysuru,Lashkar PS,ASI Sanjay Deshpande
269,Imran Kulkarni,23,"Pension Mohalla, Hassan",252,Male,P-0328,,,,,
270,Ravi Gowda,42,"Cowl Bazar, Ballari",253,Male,P-0067,,,,,
271,Venkatesh Kotian,19,"Cowl Bazar, Ballari",253,Male,P-0329,,,,,
272,Salman Fernandes,28,"Vinoba Nagar, Shivamogga",254,Male,P-0330,2024-12-08,Karnataka,Shivamogga,Tilak Nagar PS,Inspector Farhan Pinto
273,Ganesh Karanth,38,"Bethur Road, Davanagere",255,Male,P-0331,,,,,
274,Siddaraju Kotian,40,"Pension Mohalla, Hassan",256,Male,P-0332,2024-12-10,Karnataka,Hassan,Hassan Town PS,SI Ramya Karanth
275,Pallavi Baig,19,"Devaraja, Mysuru",258,Female,P-0333,2024-12-17,Karnataka,Mysuru,Kuvempunagar PS,PSI Abhishek Devadiga
276,Irfan Madiwal,46,"Indiranagar, Bengaluru City",259,Male,P-0334,,,,,
277,Sagar Hiremath,23,"Indiranagar, Bengaluru City",259,Male,P-0335,2024-11-01,Karnataka,Bengaluru City,Cubbon Park PS,PSI Venkatesh Sharma
278,Sagar Baig,40,"Indiranagar, Bengaluru City",259,Male,P-0336,2024-11-16,Karnataka,Bengaluru City,Cubbon Park PS,PSI Joseph Prabhu
279,Hanumantha Deshpande,22,"Whitefield, Bengaluru City",260,Male,P-0337,,,,,
280,Gagan Devadiga,21,"Whitefield, Bengaluru City",260,Male,P-0338,2024-12-04,Karnataka,Bengaluru City,Jayanagar PS,DySP Anil Kini
281,Nithin Amin,44,"Whitefield, Bengaluru City",260,Male,P-0339,2024-11-18,Karnataka,Bengaluru City,Jayanagar PS,SI Mary Jadhav
282,Ravi Rao,36,"Indiranagar, Bengaluru City",261,Male,P-0340,,,,,
283,Hanumantha Shinde,23,"Jorapur Peth, Vijayapura",262,Male,P-0341,2024-11-06,Karnataka,Vijayapura,Adarsh Nagar PS,ASI Darshan Amin
284,Puneeth Reddy,38,"Dharwad Town, Hubballi-Dharwad",266,Male,P-0034,2024-11-30,Karnataka,Hubballi-Dharwad,Vidyanagar PS,SI Meghana Devadiga
285,Rajesh Khan,22,"Dharwad Town, Hubballi-Dharwad",266,Male,P-0029,2024-12-23,Karnataka,Hubballi-Dharwad,Vidyanagar PS,DySP Basavaraj Devadiga
286,Rajesh Puthran,24,"Whitefield, Bengaluru City",267,Male,P-0342,,,,,
287,Lokesh Sharma,21,"Koramangala, Bengaluru City",268,Male,P-0066,2024-11-21,Karnataka,Bengaluru City,Jayanagar PS,DySP Anil Kini
288,Rakesh Sait,40,"Antharasanahalli, Tumakuru",269,Male,P-0343,,,,,
289,Venkatesh Pawar,44,"Antharasanahalli, Tumakuru",269,Male,P-0344,2024-12-03,Karnataka,Tumakuru,Kyathsandra PS,SI Basavaraj Shanbhag
290,Satish Patil,28,"Antharasanahalli, Tumakuru",269,Male,P-0345,2024-12-20,Karnataka,Tumakuru,Kyathsandra PS,SI Prakash Kulkarni
291,Chetan Shetty,48,"Tumakuru Town, Tumakuru",270,Male,P-0346,2024-12-21,Karnataka,Tumakuru,Antharasanahalli PS,ASI Praveen Pasha
292,Sagar Suvarna,46,"Cubbon Park, Bengaluru City",272,Male,P-0347,2024-12-11,Karnataka,Bengaluru City,Jayanagar PS,SI Abdul Biradar
293,Pavan Kotian,43,"Barke, Mangaluru",273,Male,P-0348,,,,,
294,Ganesh Shetty,42,"Barke, Mangaluru",273,Male,P-0349,2024-12-27,Karnataka,Mangaluru,Ullal PS,SI Irfan Deshpande
295,Chetan Kumar,42,"Barke, Mangaluru",273,Male,P-0350,2024-11-29,Karnataka,Mangaluru,Ullal PS,Inspector Sharada Sait
296,Umesh Kotian,32,"Station Road, Vijayapura",274,Male,P-0351,,,,,
297,Madhu Adiga,19,"Station Road, Vijayapura",274,Male,P-0352,,,,,
298,Farhan Murthy,34,"Whitefield, Bengaluru City",276,Male,P-0001,2024-12-11,Karnataka,Bengaluru City,Cubbon Park PS,DySP Deepa Puthran
299,Chaitra Poojary,38,"Whitefield, Bengaluru City",276,Female,P-0005,,,,,
300,Santhosh Hiremath,28,"Whitefield, Bengaluru City",276,Male,P-0004,,,,,
301,Imran Karanth,45,"Saraswathipuram, Mysuru",277,Male,P-0353,2024-12-29,Karnataka,Mysuru,Lashkar PS,ASI Divya Deshpande
302,Geetha Pasha,30,"Kyathsandra, Tumakuru",278,Female,P-0354,2024-12-22,Karnataka,Tumakuru,Tumakuru Town PS,SI Riyaz Sheikh
303,Riyaz Bhat,44,"Yeshwanthpur, Bengaluru City",279,Male,P-0355,2024-11-07,Karnataka,Bengaluru City,Whitefield PS,ASI Gowri Kini
304,Krishna Rao,40,"Dharwad Town, Hubballi-Dharwad",280,Male,P-0356,2024-12-24,Karnataka,Hubballi-Dharwad,Gokul Road PS,DySP Sunil Iyer
305,Saraswathi Puthran,37,"Saraswathipuram, Mysuru",281,Female,P-0357,2024-12-10,Karnataka,Mysuru,Kuvempunagar PS,ASI Imran Naik
306,Lokesh Karanth,43,"Saraswathipuram, Mysuru",281,Male,P-0358,,,,,
307,Irfan Kamat,32,"Nittuvalli, Davanagere",282,Male,P-0359,2024-12-28,Karnataka,Davanagere,KTJ Nagar PS,PSI Mohan Sheikh
308,Peter Kamath,25,"Bidadi, Ramanagara",283,Male,P-0360,2024-11-17,Karnataka,Ramanagara,Kanakapura Road PS,Inspector Raghavendra Swamy
309,Kavitha Shinde,23,"Bidadi, Ramanagara",283,Female,P-0361,2024-12-27,Karnataka,Ramanagara,Kanakapura Road PS,SI Krishna Achar
310,Darshan Ballal,38,"Vinoba Nagar, Shivamogga",284,Male,P-0362,,,,,
311,Imran Achar,38,"Lashkar, Mysuru",286,Male,P-0363,2024-11-10,Karnataka,Mysuru,Devaraja PS,Inspector Joseph Poojary
312,Madhu Swamy,46,"Indiranagar, Bengaluru City",287,Male,P-0364,,,,,
313,Satish Bhat,42,"Yeshwanthpur, Bengaluru City",291,Male,P-0050,,,,,
314,Shankar Madiwal,31,"Kaup, Udupi",292,Male,P-0365,,,,,
315,Radha Reddy,24,"Jorapur Peth, Vijayapura",293,Female,P-0366,,,,,
316,Imran Rao,34,"Jorapur Peth, Vijayapura",293,Male,P-0367,2025-01-02,Karnataka,Vijayapura,Gandhi Chowk PS,PSI Meghana Hegde
317,Ravi Bangera,22,"Brahmpur, Kalaburagi",294,Male,P-0027,2024-11-07,Karnataka,Kalaburagi,MSK Mill PS,SI Soumya Kotian
318,Manjunath Sait,31,"Brahmpur, Kalaburagi",294,Male,P-0026,,,,,
319,Santhosh Udupa,36,"Indiranagar, Bengaluru City",295,Male,P-0368,,,,,
320,Madhu Madiwal,35,"Koramangala, Bengaluru City",296,Male,P-0369,,,,,
321,Nagaraj Pawar,35,"Koramangala, Bengaluru City",296,Male,P-0370,,,,,
322,Siddaraju Fernandes,37,"Old Hubballi, Hubballi-Dharwad",298,Male,P-0371,,,,,
323,Satish Biradar,38,"Dharwad Town, Hubballi-Dharwad",299,Male,P-0372,,,,,
324,Manjunath Rao,38,"Bidadi, Ramanagara",300,Male,P-0373,,,,,
325,Abhishek Rai,21,"Cubbon Park, Bengaluru City",301,Male,P-0374,,,,,
326,Shivakumar Acharya,35,"Dharwad Town, Hubballi-Dharwad",302,Male,P-0375,2025-01-07,Karnataka,Hubballi-Dharwad,Old Hubballi PS,ASI Vikram Swamy
327,Chandru Sait,47,"Dharwad Town, Hubballi-Dharwad",302,Male,P-0376,,,,,
328,Abhishek Ballal,35,"Dharwad Town, Hubballi-Dharwad",302,Male,P-0377,2024-12-03,Karnataka,Hubballi-Dharwad,Old Hubballi PS,ASI Vikram Swamy
329,Yash Shetty,36,"Whitefield, Bengaluru City",303,Male,P-0378,2024-11-25,Karnataka,Bengaluru City,Jayanagar PS,SI Abdul Biradar
330,Imran Udupa,34,"Dharwad Town, Hubballi-Dharwad",305,Male,P-0379,2024-12-18,Karnataka,Hubballi-Dharwad,Old Hubballi PS,ASI Asha Bangera
331,Nithin Bhat,43,"Kampli Road, Ballari",306,Male,P-0380,2024-12-02,Karnataka,Ballari,Cowl Bazar PS,SI Madhu Alva
332,Ravi Ballal,37,"Jayanagar, Bengaluru City",307,Male,P-0381,2025-01-06,Karnataka,Bengaluru City,Cubbon Park PS,SI Darshan Madiwal
333,Raghavendra Ballal,41,"Surathkal, Mangaluru",308,Male,P-0382,2024-11-24,Karnataka,Mangaluru,Ullal PS,PSI Mustafa Moily
334,Manjunath Kamath,38,"Old Hubballi, Hubballi-Dharwad",310,Male,P-0383,,,,,
335,Salman Khan,30,"Dharwad Town, Hubballi-Dharwad",311,Male,P-0384,,,,,
336,Vikram Hegde,31,"Udupi Town, Udupi",313,Male,P-0385,2025-01-08,Karnataka,Udupi,Manipal PS,PSI Manjunath Pasha
337,Seetha Achar,24,"Camp, Belagavi",314,Female,P-0386,,,,,
338,Savitha Pai,47,"Vinoba Nagar, Shivamogga",315,Female,P-0387,,,,,
339,Mohan Kumar,24,"Vinoba Nagar, Shivamogga",315,Male,P-0388,2024-11-17,Karnataka,Shivamogga,Tilak Nagar PS,Inspector Farhan Pinto
340,Deepa Deshpande,25,"Gokul Road, Hubballi-Dharwad",317,Female,P-0032,,,,,
341,Girish Rai,28,"Gokul Road, Hubballi-Dharwad",317,Male,P-0030,2025-01-04,Karnataka,Hubballi-Dharwad,Old Hubballi PS,ASI Vikram Swamy
342,Uma Shetty,37,"Gokul Road, Hubballi-Dharwad",317,Female,P-0031,2024-12-17,Karnataka,Hubballi-Dharwad,Old Hubballi PS,PSI Harish Achar
343,Santhosh Sait,25,"Yeshwanthpur, Bengaluru City",318,Male,P-0389,,,,,
344,Salman Rao,23,"Koramangala, Bengaluru City",319,Male,P-0390,2024-12-12,Karnataka,Bengaluru City,Jayanagar PS,ASI Bharath Iyer
345,Peter Sait,36,"Whitefield, Bengaluru City",320,Male,P-0391,2024-12-11,Karnataka,Bengaluru City,Indiranagar PS,PSI Sunil Sheikh
346,Abdul Ballal,32,"Whitefield, Bengaluru City",320,Male,P-0392,,,,,
347,Ganesh Swamy,26,"Pension Mohalla, Hassan",321,Male,P-0393,2025-01-07,Karnataka,Hassan,Salagame Road PS,Inspector Bhavya Acharya
348,Peter Shetty,41,"Kyathsandra, Tumakuru",322,Male,P-0394,2024-12-22,Karnataka,Tumakuru,Antharasanahalli PS,ASI Spandana Sequeira
349,Bharath Deshpande,40,"Yeshwanthpur, Bengaluru City",324,Male,P-0395,2025-01-05,Karnataka,Bengaluru City,Whitefield PS,SI Girish Hegde
350,Hanumantha Pinto,37,"Panambur, Mangaluru",325,Male,P-0016,,,,,
351,Anand Sait,30,"Panambur, Mangaluru",325,Male,P-0019,2024-11-28,Karnataka,Mangaluru,Kadri PS,DySP Venkatesh Reddy
352,Vanitha Kini,29,"Panambur, Mangaluru",325,Female,P-0015,2025-01-04,Karnataka,Mangaluru,Kadri PS,DySP Nithin Kattimani
353,Harish Sait,32,"Panambur, Mangaluru",325,Male,P-0018,2024-12-21,Karnataka,Mangaluru,Kadri PS,DySP Seetha Salian
354,Riyaz Chavan,25,"Dharwad Town, Hubballi-Dharwad",326,Male,P-0396,,,,,
355,Sudeep Lobo,20,"Dharwad Town, Hubballi-Dharwad",326,Male,P-0397,,,,,
356,Shankar Shetty,39,"Dharwad Town, Hubballi-Dharwad",326,Male,P-0398,,,,,
357,Mahesh Biradar,19,"Gokul Road, Hubballi-Dharwad",327,Male,P-0399,,,,,
358,Chetan Hegde,45,"Whitefield, Bengaluru City",329,Male,P-0400,,,,,
359,Wilson DSouza,33,"Whitefield, Bengaluru City",329,Male,P-0401,2024-12-11,Karnataka,Bengaluru City,Cubbon Park PS,SI Darshan Madiwal
360,Anand Madiwal,47,"Whitefield, Bengaluru City",331,Male,P-0402,2024-12-04,Karnataka,Bengaluru City,Indiranagar PS,PSI Pavan Pai
361,Vinod DSouza,26,"Brahmpur, Kalaburagi",333,Male,P-0028,2024-11-23,Karnataka,Kalaburagi,Chowk PS,Inspector Shankar Salian
362,Manjunath Sait,31,"Brahmpur, Kalaburagi",333,Male,P-0026,2024-12-21,Karnataka,Kalaburagi,Chowk PS,Inspector Shankar Salian
363,Ravi Bangera,22,"Brahmpur, Kalaburagi",333,Male,P-0027,,,,,
364,Yash Moily,20,"Brahmpur, Kalaburagi",333,Male,P-0025,,,,,
365,Prakash Sharma,24,"Surathkal, Mangaluru",335,Male,P-0403,2024-11-23,Karnataka,Mangaluru,Ullal PS,SI Irfan Deshpande
366,Harish Patil,26,"Surathkal, Mangaluru",335,Male,P-0404,,,,,
367,Sunil Kini,25,"Gandhi Chowk, Vijayapura",336,Male,P-0405,2025-01-14,Karnataka,Vijayapura,Station Road PS,Inspector Prakash Udupa
368,Lokesh Chavan,33,"Azad Nagar, Davanagere",338,Male,P-0406,,,,,
369,Anil Rao,45,"Bidadi, Ramanagara",339,Male,P-0407,2024-12-16,Karnataka,Ramanagara,Kanakapura Road PS,Inspector Raghavendra Swamy
370,Sudeep Devadiga,39,"Bidadi, Ramanagara",339,Male,P-0408,,,,,
371,Abhishek Prabhu,21,"Bidadi, Ramanagara",339,Male,P-0409,2024-12-09,Karnataka,Ramanagara,Kanakapura Road PS,Inspector Raghavendra Swamy
372,Spandana Jadhav,45,"Bidadi, Ramanagara",339,Female,P-0410,2024-12-01,Karnataka,Ramanagara,Kanakapura Road PS,SI Krishna Achar
373,Bharath Devadiga,46,"Saraswathipuram, Mysuru",340,Male,P-0411,,,,,
374,Shivakumar Kattimani,28,"Saraswathipuram, Mysuru",340,Male,P-0412,,,,,
375,Farhan Rao,36,"Kampli Road, Ballari",341,Male,P-0413,2025-01-11,Karnataka,Ballari,Cowl Bazar PS,SI Madhu Alva
376,Dinesh Shinde,40,"Station Bazar, Kalaburagi",343,Male,P-0042,2024-11-25,Karnataka,Kalaburagi,Chowk PS,SI Anil Sequeira
377,Anil Kulkarni,24,"Kampli Road, Ballari",344,Male,P-0414,2024-12-04,Karnataka,Ballari,Toranagallu PS,PSI Basavaraj Chavan
378,Usha Shetty,20,"Pension Mohalla, Hassan",345,Female,P-0415,,,,,
379,Ramesh Kulkarni,34,"Salagame Road, Hassan",347,Male,P-0416,,,,,
380,Kiran Sharma,36,"Whitefield, Bengaluru City",348,Male,P-0417,,,,,
381,Joseph Ballal,24,"Kyathsandra, Tumakuru",349,Male,P-0418,,,,,
382,Sunil Bangera,38,"Kyathsandra, Tumakuru",349,Male,P-0419,2025-01-05,Karnataka,Tumakuru,Antharasanahalli PS,ASI Praveen Pasha
383,Raghavendra Bangera,28,"Vinoba Nagar, Shivamogga",351,Male,P-0057,,,,,
384,Shivakumar Rai,48,"Ullal, Mangaluru",352,Male,P-0420,2025-01-09,Karnataka,Mangaluru,Barke PS,PSI Lokesh Devadiga
385,Satish Kini,30,"Koramangala, Bengaluru City",353,Male,P-0421,2025-01-10,Karnataka,Bengaluru City,Whitefield PS,PSI Santhosh Bangera
386,Shivakumar Rai,38,"Yeshwanthpur, Bengaluru City",356,Male,P-0422,2024-12-26,Karnataka,Bengaluru City,Koramangala PS,ASI Manjunath Pasha
387,Abhishek Iyengar,34,"Old Hubballi, Hubballi-Dharwad",358,Male,P-0423,,,,,
388,Vijay Poojary,34,"KTJ Nagar, Davanagere",359,Male,P-0424,2025-01-08,Karnataka,Davanagere,Nittuvalli PS,Inspector Gagan Baig
389,Madhu Patil,32,"Antharasanahalli, Tumakuru",360,Male,P-0425,,,,,
390,Suresh Joshi,34,"Yeshwanthpur, Bengaluru City",361,Male,P-0426,2024-12-05,Karnataka,Bengaluru City,Cubbon Park PS,PSI Venkatesh Sharma
391,Rakesh Alva,40,"Devaraja, Mysuru",362,Male,P-0427,,,,,
392,Sudeep Kattimani,23,"Azad Nagar, Davanagere",363,Male,P-0428,2025-01-24,Karnataka,Davanagere,KTJ Nagar PS,PSI Nithin Adiga
393,Ramesh Biradar,31,"Koramangala, Bengaluru City",365,Male,P-0429,,,,,
394,Prakash Suvarna,25,"Kyathsandra, Tumakuru",366,Male,P-0430,2025-01-18,Karnataka,Tumakuru,Sira Gate PS,SI Sanjay Karanth
395,Yash Patil,31,"Kyathsandra, Tumakuru",366,Male,P-0431,,,,,
396,Charan Karanth,29,"Koramangala, Bengaluru City",367,Male,P-0432,,,,,
397,Shankar Shetty,40,"Tilakwadi, Belagavi",369,Male,P-0433,2025-01-26,Karnataka,Belagavi,Camp PS,PSI Dinesh Sait
398,Imran Kotian,25,"Devaraja, Mysuru",371,Male,P-0434,2024-12-31,Karnataka,Mysuru,Lashkar PS,ASI Sanjay Deshpande
399,Chandru Moily,38,"Devaraja, Mysuru",371,Male,P-0435,,,,,
400,Peter Chavan,37,"Lashkar, Mysuru",372,Male,P-0436,,,,,
401,Radha Poojary,44,"Lashkar, Mysuru",372,Female,P-0437,,,,,
402,Mohan Devadiga,39,"Lashkar, Mysuru",372,Male,P-0438,,,,,
403,Farhan Moily,48,"Indiranagar, Bengaluru City",373,Male,P-0439,2025-01-24,Karnataka,Bengaluru City,Koramangala PS,ASI Manjunath Pasha
404,Nithin Prabhu,32,"Nittuvalli, Davanagere",374,Male,P-0440,2024-12-06,Karnataka,Davanagere,Azad Nagar PS,Inspector Syed Murthy
405,Gowri Kotian,27,"Camp, Belagavi",375,Female,P-0441,2025-01-03,Karnataka,Belagavi,Shahapur PS,SI Salman Puthran
406,Irfan Angadi,23,"Antharasanahalli, Tumakuru",376,Male,P-0442,2025-01-09,Karnataka,Tumakuru,Sira Gate PS,ASI Harish Prabhu
407,Imran Swamy,36,"Antharasanahalli, Tumakuru",376,Male,P-0443,2025-01-21,Karnataka,Tumakuru,Sira Gate PS,ASI Harish Prabhu
408,Dinesh Karanth,34,"KTJ Nagar, Davanagere",377,Male,P-0444,2025-02-03,Karnataka,Davanagere,Azad Nagar PS,PSI Rajesh Kotian
409,Vijay Bangera,31,"KTJ Nagar, Davanagere",377,Male,P-0445,,,,,
410,Vinod Naik,42,"Khade Bazar, Belagavi",379,Male,P-0446,,,,,
411,Bhagya Kumar,46,"Indiranagar, Bengaluru City",380,Female,P-0447,2024-12-29,Karnataka,Bengaluru City,Koramangala PS,ASI Manjunath Pasha
412,Shivakumar Bangera,34,"Nittuvalli, Davanagere",383,Male,P-0448,2024-12-17,Karnataka,Davanagere,KTJ Nagar PS,SI Sanjay Shinde
413,Siddaraju Sait,45,"Station Bazar, Kalaburagi",384,Male,P-0449,2024-12-12,Karnataka,Kalaburagi,Chowk PS,Inspector Irfan Kulkarni
414,Vinod Shanbhag,47,"Cubbon Park, Bengaluru City",385,Male,P-0052,2025-02-02,Karnataka,Bengaluru City,Whitefield PS,ASI Gowri Kini
415,Anand Pasha,39,"Yeshwanthpur, Bengaluru City",386,Male,P-0450,2025-01-08,Karnataka,Bengaluru City,Jayanagar PS,SI Mary Jadhav
416,Siddaraju Baig,26,"KTJ Nagar, Davanagere",387,Male,P-0451,2025-01-11,Karnataka,Davanagere,Bethur Road PS,SI Harish Kumar
417,Ganesh Fernandes,25,"KTJ Nagar, Davanagere",387,Male,P-0452,,,,,
418,Ajay Fernandes,41,"KTJ Nagar, Davanagere",387,Male,P-0453,,,,,
419,Charan Pawar,32,"Cubbon Park, Bengaluru City",388,Male,P-0454,,,,,
420,Abhishek Bangera,41,"Lashkar, Mysuru",389,Male,P-0455,2025-01-18,Karnataka,Mysuru,Saraswathipuram PS,PSI Umesh Iyengar
421,Soumya Kulkarni,40,"Camp, Belagavi",391,Female,P-0456,2025-01-03,Karnataka,Belagavi,Shahapur PS,PSI Venkatesh Chavan
422,Prakash Kotian,45,"Camp, Belagavi",391,Male,P-0457,,,,,
423,Nithin Ballal,38,"Devaraja, Mysuru",395,Male,P-0458,2024-12-29,Karnataka,Mysuru,Lashkar PS,PSI Farhan Sheikh
424,Bharath Hiremath,19,"Dharwad Town, Hubballi-Dharwad",396,Male,P-0459,,,,,
425,Joseph Khan,46,"Dharwad Town, Hubballi-Dharwad",398,Male,P-0460,,,,,
426,Irfan Nayak,27,"Kote, Shivamogga",399,Male,P-0461,,,,,
427,Jagadish Sequeira,34,"Jorapur Peth, Vijayapura",401,Male,P-0462,,,,,
428,Rajesh Pasha,40,"Kuvempunagar, Mysuru",404,Male,P-0463,2025-01-25,Karnataka,Mysuru,Lashkar PS,PSI Manjunath Biradar
429,Mahesh Gowda,48,"Adarsh Nagar, Vijayapura",406,Male,P-0049,,,,,
430,Rekha Poojary,23,"Kote, Shivamogga",407,Female,P-0464,2025-02-11,Karnataka,Shivamogga,Tilak Nagar PS,SI Siddaraju Hiremath
431,Satish Naik,46,"Camp, Belagavi",408,Male,P-0465,,,,,
432,Umesh Chavan,37,"Devaraja, Mysuru",409,Male,P-0466,,,,,
433,Sanjay Udupa,40,"Devaraja, Mysuru",409,Male,P-0467,,,,,
434,Ravi Gowda,42,"Kampli Road, Ballari",410,Male,P-0067,2024-12-19,Karnataka,Ballari,Cowl Bazar PS,SI Thomas Salian
435,Harish Kotian,44,"Koramangala, Bengaluru City",411,Male,P-0468,2025-01-10,Karnataka,Bengaluru City,Whitefield PS,DySP Vinod Shetty
436,Puneeth Swamy,33,"Koramangala, Bengaluru City",412,Male,P-0469,2025-02-15,Karnataka,Bengaluru City,Indiranagar PS,ASI Syed Shetty
437,Santhosh Amin,34,"Vidyanagar, Hubballi-Dharwad",414,Male,P-0470,2025-01-23,Karnataka,Hubballi-Dharwad,Old Hubballi PS,ASI Vikram Swamy
438,Arun Alva,21,"Whitefield, Bengaluru City",415,Male,P-0471,2025-01-16,Karnataka,Bengaluru City,Jayanagar PS,SI Ambika Kamat
439,Anand Bhat,29,"Ramanagara Town, Ramanagara",416,Male,P-0472,,,,,
440,Meghana Kattimani,25,"Doddapete, Shivamogga",417,Female,P-0473,2025-02-07,Karnataka,Shivamogga,Kote PS,ASI Uma Pasha
441,Vijay Adiga,22,"Cubbon Park, Bengaluru City",418,Male,P-0474,2025-01-12,Karnataka,Bengaluru City,Jayanagar PS,SI Mary Jadhav
442,Latha Suvarna,20,"Cubbon Park, Bengaluru City",418,Female,P-0475,2025-01-17,Karnataka,Bengaluru City,Jayanagar PS,DySP Anil Kini
443,Gopal Kumar,24,"Cubbon Park, Bengaluru City",418,Male,P-0476,,,,,
444,Karthik Reddy,38,"Sira Gate, Tumakuru",419,Male,P-0477,2025-01-19,Karnataka,Tumakuru,Antharasanahalli PS,PSI Gopal Deshpande
445,Chetan DSouza,22,"Sira Gate, Tumakuru",419,Male,P-0478,2025-01-17,Karnataka,Tumakuru,Antharasanahalli PS,ASI Kiran Alva
446,Mohan Pasha,20,"Sira Gate, Tumakuru",419,Male,P-0479,,,,,
447,Gagan Lobo,21,"Whitefield, Bengaluru City",420,Male,P-0480,2025-01-28,Karnataka,Bengaluru City,Jayanagar PS,SI Mary Jadhav
448,Salman Patil,28,"Whitefield, Bengaluru City",420,Male,P-0481,,,,,
449,Prakash Shinde,27,"Whitefield, Bengaluru City",420,Male,P-0482,,,,,
450,Murali Kini,32,"Khade Bazar, Belagavi",422,Male,P-0483,2025-02-07,Karnataka,Belagavi,Shahapur PS,SI Salman Puthran
451,Pallavi Salian,22,"Jorapur Peth, Vijayapura",423,Female,P-0484,2025-02-14,Karnataka,Vijayapura,Adarsh Nagar PS,SI Jagadish Madiwal
452,Gagan Shinde,33,"Vinoba Nagar, Shivamogga",424,Male,P-0485,,,,,
453,Siddaraju Puthran,24,"Tumakuru Town, Tumakuru",427,Male,P-0486,2025-01-09,Karnataka,Tumakuru,Kyathsandra PS,PSI Sudeep Madiwal
454,Sunil Prabhu,31,"Kadri, Mangaluru",428,Male,P-0487,,,,,
455,Murali Shinde,24,"Kadri, Mangaluru",428,Male,P-0488,2025-02-08,Karnataka,Mangaluru,Ullal PS,SI Mustafa Moily
456,Irfan Acharya,33,"Hassan Town, Hassan",429,Male,P-0489,,,,,
457,Riyaz Iyer,39,"Hassan Town, Hassan",429,Male,P-0490,2025-02-17,Karnataka,Hassan,Pension Mohalla PS,Inspector Farhan Karanth
458,Kiran Achar,47,"Hassan Town, Hassan",429,Male,P-0491,,,,,
459,Vikram Moily,27,"Kanakapura Road, Ramanagara",430,Male,P-0492,,,,,
460,Ayesha Nayak,44,"Chowk, Kalaburagi",432,Female,P-0493,,,,,
461,Yash Joshi,31,"Jayanagar, Bengaluru City",433,Male,P-0494,2025-01-19,Karnataka,Bengaluru City,Koramangala PS,ASI Manjunath Pasha
462,Murali Pinto,21,"Jayanagar, Bengaluru City",433,Male,P-0495,,,,,
463,Prakash Hiremath,27,"Koramangala, Bengaluru City",434,Male,P-0496,2025-02-03,Karnataka,Bengaluru City,Indiranagar PS,PSI Hanumantha Udupa
464,Sanjay Kotian,30,"Koramangala, Bengaluru City",434,Male,P-0497,,,,,
465,Ramesh Chavan,28,"Koramangala, Bengaluru City",434,Male,P-0498,,,,,
466,Rajesh Gowda,42,"Cowl Bazar, Ballari",435,Male,P-0499,2025-01-07,Karnataka,Ballari,Bruce Pete PS,SI Nandini Acharya
467,Imran Hiremath,37,"Doddapete, Shivamogga",436,Male,P-0500,2025-01-23,Karnataka,Shivamogga,Kote PS,PSI Rakesh Khan
468,Naveen Poojary,28,"Doddapete, Shivamogga",436,Male,P-0501,,,,,
469,Sagar Pasha,27,"Antharasanahalli, Tumakuru",438,Male,P-0502,2025-02-13,Karnataka,Tumakuru,Sira Gate PS,ASI Harish Prabhu
470,Joseph Madiwal,19,"Antharasanahalli, Tumakuru",438,Male,P-0503,,,,,
471,Srinivas Swamy,42,"Channapatna, Ramanagara",439,Male,P-0504,2025-02-19,Karnataka,Ramanagara,Kanakapura Road PS,SI Mohan Lobo
472,Charan Rai,34,"Channapatna, Ramanagara",439,Male,P-0505,2025-01-13,Karnataka,Ramanagara,Kanakapura Road PS,SI Krishna Achar
473,Anil Karanth,38,"Khade Bazar, Belagavi",440,Male,P-0506,2025-01-26,Karnataka,Belagavi,Shahapur PS,DySP Bhagya Karanth
474,Ramya Rao,20,"Vidyanagar, Hubballi-Dharwad",441,Female,P-0507,,,,,
475,Anil Hiremath,27,"Whitefield, Bengaluru City",443,Male,P-0039,,,,,
476,Thomas Nayak,37,"Whitefield, Bengaluru City",444,Male,P-0508,,,,,
477,Vinod Hegde,39,"Tilakwadi, Belagavi",445,Male,P-0509,2025-01-08,Karnataka,Belagavi,Shahapur PS,ASI Siddaraju Pinto
478,Shobha Naik,31,"Tilakwadi, Belagavi",445,Female,P-0510,,,,,
479,Sagar Pasha,26,"Gandhi Chowk, Vijayapura",446,Male,P-0511,,,,,
480,Jagadish Suvarna,41,"Gandhi Chowk, Vijayapura",446,Male,P-0512,2025-01-08,Karnataka,Vijayapura,Adarsh Nagar PS,Inspector Manjunath Sequeira
481,Nandini Gowda,30,"Koramangala, Bengaluru City",447,Female,P-0513,,,,,
482,Sagar Pai,30,"Cubbon Park, Bengaluru City",448,Male,P-0514,2025-02-26,Karnataka,Bengaluru City,Indiranagar PS,PSI Hanumantha Udupa
483,Darshan Kattimani,36,"Azad Nagar, Davanagere",449,Male,P-0045,2025-02-13,Karnataka,Davanagere,KTJ Nagar PS,PSI Syed Sait
484,Irfan Rao,38,"Devaraja, Mysuru",450,Male,P-0515,,,,,
485,Hanumantha Pinto,46,"Jayanagar, Bengaluru City",451,Male,P-0516,2025-01-27,Karnataka,Bengaluru City,Cubbon Park PS,SI Shivakumar Pinto
486,Venkatesh Khan,27,"Jayanagar, Bengaluru City",451,Male,P-0517,2025-01-18,Karnataka,Bengaluru City,Cubbon Park PS,PSI Nagaraj Murthy
487,Madhu Deshpande,23,"Barke, Mangaluru",452,Male,P-0518,2025-02-01,Karnataka,Mangaluru,Panambur PS,SI Shankar Acharya
488,Mustafa Baig,44,"Cubbon Park, Bengaluru City",453,Male,P-0519,2025-02-06,Karnataka,Bengaluru City,Jayanagar PS,SI Mary Jadhav
489,Mustafa Bhat,48,"Gandhi Chowk, Vijayapura",454,Male,P-0520,2025-01-04,Karnataka,Vijayapura,Adarsh Nagar PS,ASI Darshan Amin
490,Dinesh Hegde,21,"Koramangala, Bengaluru City",456,Male,P-0521,,,,,
491,Gopal Acharya,45,"Vidyanagar, Hubballi-Dharwad",457,Male,P-0522,,,,,
492,Raghavendra Lobo,23,"Vidyanagar, Hubballi-Dharwad",457,Male,P-0523,,,,,
493,Anil Poojary,47,"Vidyanagar, Hubballi-Dharwad",457,Male,P-0524,,,,,
494,Kiran Biradar,39,"Kaup, Udupi",458,Male,P-0058,,,,,
495,Sudeep Bangera,23,"Surathkal, Mangaluru",460,Male,P-0017,2025-01-28,Karnataka,Mangaluru,Kadri PS,SI Peter Amin
496,Vanitha Kini,30,"Surathkal, Mangaluru",460,Female,P-0015,,,,,
497,Hanumantha Pinto,38,"Surathkal, Mangaluru",460,Male,P-0016,2025-01-05,Karnataka,Mangaluru,Kadri PS,SI Umesh Lobo
498,Harish Sait,33,"Surathkal, Mangaluru",460,Male,P-0018,,,,,
499,Siddaraju Bhat,43,"Sira Gate, Tumakuru",461,Male,P-0525,2025-02-22,Karnataka,Tumakuru,Tumakuru Town PS,Inspector Satish Jadhav
500,Imran Biradar,33,"Sira Gate, Tumakuru",461,Male,P-0526,,,,,
501,Navya Gowda,25,"Camp, Belagavi",462,Female,P-0527,2025-01-17,Karnataka,Belagavi,Khade Bazar PS,PSI Charan Poojary
502,Arun Biradar,34,"Chowk, Kalaburagi",463,Male,P-0528,2025-01-16,Karnataka,Kalaburagi,Station Bazar PS,PSI Vanitha Puthran
503,Sunil Alva,33,"Chowk, Kalaburagi",463,Male,P-0529,2025-01-28,Karnataka,Kalaburagi,Station Bazar PS,ASI Satish Sharma
504,Umesh Puthran,29,"Saraswathipuram, Mysuru",464,Male,P-0530,2025-02-04,Karnataka,Mysuru,Lashkar PS,ASI Divya Deshpande
505,Darshan Salian,27,"Station Bazar, Kalaburagi",465,Male,P-0531,2025-01-22,Karnataka,Kalaburagi,Chowk PS,SI Anil Sequeira
506,Shivakumar Acharya,22,"Station Bazar, Kalaburagi",465,Male,P-0532,2025-01-18,Karnataka,Kalaburagi,Chowk PS,Inspector Shankar Salian
507,Praveen Udupa,36,"Surathkal, Mangaluru",466,Male,P-0533,,,,,
508,Rekha Sharma,36,"Jayanagar, Bengaluru City",467,Female,P-0534,2025-03-07,Karnataka,Bengaluru City,Yeshwanthpur PS,PSI Anand Poojary
509,Spandana Hegde,47,"Jayanagar, Bengaluru City",468,Female,P-0535,2025-03-06,Karnataka,Bengaluru City,Indiranagar PS,PSI Hanumantha Udupa
510,Vijay Swamy,22,"Cowl Bazar, Ballari",469,Male,P-0536,2025-02-23,Karnataka,Ballari,Kampli Road PS,ASI Naveen Naik
511,Hanumantha Naik,31,"Dharwad Town, Hubballi-Dharwad",470,Male,P-0537,,,,,
512,Praveen Devadiga,30,"Salagame Road, Hassan",471,Male,P-0073,2025-03-01,Karnataka,Hassan,Pension Mohalla PS,Inspector Farhan Karanth
513,Ganesh Kamat,21,"Jayanagar, Bengaluru City",472,Male,P-0538,2025-02-01,Karnataka,Bengaluru City,Koramangala PS,DySP Suresh Kulkarni
514,Madhu Ballal,28,"Cubbon Park, Bengaluru City",473,Male,P-0539,,,,,
515,Bharath Salian,41,"Doddapete, Shivamogga",477,Male,P-0540,2025-03-09,Karnataka,Shivamogga,Tilak Nagar PS,SI Raghavendra DSouza
516,Krishna Pawar,41,"Doddapete, Shivamogga",477,Male,P-0541,,,,,
517,Abdul Acharya,40,"Kuvempunagar, Mysuru",478,Male,P-0542,2025-01-31,Karnataka,Mysuru,Devaraja PS,ASI Wilson Ballal
518,Rakesh Sharma,45,"Kuvempunagar, Mysuru",478,Male,P-0543,,,,,
519,Seetha Shinde,37,"Kuvempunagar, Mysuru",478,Female,P-0544,,,,,
520,Irfan Udupa,34,"Yeshwanthpur, Bengaluru City",479,Male,P-0545,2025-01-24,Karnataka,Bengaluru City,Indiranagar PS,PSI Vikram Sharma
521,Rakesh Adiga,40,"Kadri, Mangaluru",482,Male,P-0546,2025-03-02,Karnataka,Mangaluru,Surathkal PS,SI Madhu Devadiga
522,Pavan Shetty,26,"Devaraja, Mysuru",483,Male,P-0547,2025-03-04,Karnataka,Mysuru,Saraswathipuram PS,PSI Lokesh Moily
523,Rajesh Alva,25,"Devaraja, Mysuru",483,Male,P-0548,,,,,
524,Syed Chavan,25,"Dharwad Town, Hubballi-Dharwad",484,Male,P-0549,2025-02-03,Karnataka,Hubballi-Dharwad,Gokul Road PS,PSI Charan Alva
525,Santhosh Udupa,29,"Nittuvalli, Davanagere",486,Male,P-0550,2025-02-17,Karnataka,Davanagere,Bethur Road PS,ASI Rajesh Moily
526,Anil Salian,33,"Gandhi Chowk, Vijayapura",487,Male,P-0551,2025-02-18,Karnataka,Vijayapura,Adarsh Nagar PS,SI Ayesha Hiremath
527,Gagan Pai,37,"Cowl Bazar, Ballari",489,Male,P-0552,,,,,
528,Arun Shanbhag,36,"Bidadi, Ramanagara",490,Male,P-0553,2025-02-14,Karnataka,Ramanagara,Ramanagara Town PS,SI Ajay Angadi
529,Krishna Kumar,40,"Bidadi, Ramanagara",490,Male,P-0554,,,,,
530,Wilson Iyengar,39,"Bidadi, Ramanagara",490,Male,P-0555,2025-02-07,Karnataka,Ramanagara,Ramanagara Town PS,PSI Suresh Murthy
531,Chetan Pinto,41,"Koramangala, Bengaluru City",491,Male,P-0556,,,,,
532,Abhishek Suvarna,30,"Koramangala, Bengaluru City",491,Male,P-0557,,,,,
533,Abdul Pawar,40,"Tumakuru Town, Tumakuru",492,Male,P-0558,,,,,
534,Kiran Alva,20,"Tumakuru Town, Tumakuru",492,Male,P-0559,,,,,
535,Siddaraju Salian,20,"Jayanagar, Bengaluru City",493,Male,P-0560,2025-01-24,Karnataka,Bengaluru City,Indiranagar PS,ASI Syed Shetty
536,Wilson Adiga,38,"Whitefield, Bengaluru City",494,Male,P-0561,2025-03-05,Karnataka,Bengaluru City,Koramangala PS,Inspector Farhan Sharma
537,Joseph Swamy,22,"Whitefield, Bengaluru City",494,Male,P-0562,,,,,
538,Peter Rao,45,"Jayanagar, Bengaluru City",496,Male,P-0563,2025-01-28,Karnataka,Bengaluru City,Whitefield PS,ASI Gowri Kini
539,Parvathi Iyengar,33,"Kuvempunagar, Mysuru",498,Female,P-0564,,,,,
540,Mustafa Swamy,25,"Koramangala, Bengaluru City",499,Male,P-0565,,,,,
541,Ganesh Lobo,38,"Devaraja, Mysuru",500,Male,P-0566,,,,,
542,Praveen Devadiga,30,"Pension Mohalla, Hassan",501,Male,P-0073,,,,,
543,Satish Khan,23,"Manipal, Udupi",504,Male,P-0567,2025-02-10,Karnataka,Udupi,Malpe PS,SI Ravi Karanth
544,Krishna Rai,27,"Manipal, Udupi",504,Male,P-0568,2025-01-27,Karnataka,Udupi,Malpe PS,SI Ganesh Murthy
545,Ravi Kattimani,32,"Manipal, Udupi",504,Male,P-0569,2025-03-03,Karnataka,Udupi,Malpe PS,PSI Chaitra Moily
546,Ajay Sequeira,22,"Whitefield, Bengaluru City",505,Male,P-0570,,,,,
547,Shivakumar Gowda,35,"Whitefield, Bengaluru City",506,Male,P-0571,2025-03-06,Karnataka,Bengaluru City,Cubbon Park PS,DySP Deepa Puthran
548,Mahesh Rai,40,"Azad Nagar, Davanagere",507,Male,P-0572,,,,,
549,Parvathi Kattimani,46,"Azad Nagar, Davanagere",507,Female,P-0573,,,,,
550,Rajesh Ballal,42,"Vidyanagar, Hubballi-Dharwad",509,Male,P-0574,2025-03-13,Karnataka,Hubballi-Dharwad,Dharwad Town PS,PSI Navya Joshi
551,Nisha Sait,36,"Koramangala, Bengaluru City",512,Female,P-0575,,,,,
552,Farhan Kotian,35,"Udupi Town, Udupi",514,Male,P-0576,2025-02-07,Karnataka,Udupi,Kaup PS,Inspector Sandhya Poojary
553,Vidya DSouza,40,"Jayanagar, Bengaluru City",515,Female,P-0577,2025-03-10,Karnataka,Bengaluru City,Whitefield PS,DySP Vinod Shetty
554,Sunil Achar,34,"Jayanagar, Bengaluru City",515,Male,P-0578,,,,,
555,Rekha Alva,37,"Jayanagar, Bengaluru City",515,Female,P-0579,2025-01-27,Karnataka,Bengaluru City,Whitefield PS,PSI Santhosh Bangera
556,Ravi Karanth,42,"Lashkar, Mysuru",516,Male,P-0580,,,,,
557,Siddaraju Kotian,46,"Jorapur Peth, Vijayapura",517,Male,P-0581,,,,,
558,Srinivas Angadi,37,"Devaraja, Mysuru",518,Male,P-0582,2025-01-27,Karnataka,Mysuru,Lashkar PS,SI Darshan Salian
559,Shilpa Pai,43,"Shahapur, Belagavi",519,Female,P-0583,,,,,
560,Srinivas Reddy,49,"Channapatna, Ramanagara",520,Male,P-0584,,,,,
561,Vinod Sait,29,"Tilak Nagar, Shivamogga",521,Male,P-0585,2025-02-15,Karnataka,Shivamogga,Vinoba Nagar PS,PSI Rajesh Pai
562,Chetan Baig,21,"Jayanagar, Bengaluru City",522,Male,P-0586,2025-02-28,Karnataka,Bengaluru City,Cubbon Park PS,SI Darshan Madiwal
563,Siddaraju Udupa,26,"Doddapete, Shivamogga",523,Male,P-0035,2025-02-21,Karnataka,Shivamogga,Vinoba Nagar PS,ASI Sagar Kamath
564,Yash Shetty,24,"Doddapete, Shivamogga",523,Male,P-0036,,,,,
565,Gopal Nayak,36,"Cubbon Park, Bengaluru City",524,Male,P-0587,,,,,
566,Mustafa Rai,44,"Yeshwanthpur, Bengaluru City",525,Male,P-0588,2025-02-13,Karnataka,Bengaluru City,Koramangala PS,Inspector Farhan Sharma
567,Bharath Alva,20,"Kuvempunagar, Mysuru",526,Male,P-0589,,,,,
568,Dinesh Iyer,36,"Station Bazar, Kalaburagi",527,Male,P-0590,2025-02-16,Karnataka,Kalaburagi,Chowk PS,ASI Charan Swamy
569,Umesh Pasha,43,"KTJ Nagar, Davanagere",530,Male,P-0591,,,,,
570,Rakesh Kamat,36,"Panambur, Mangaluru",531,Male,P-0592,2025-03-05,Karnataka,Mangaluru,Kadri PS,DySP Seetha Salian
571,Vikram Ballal,49,"Panambur, Mangaluru",531,Male,P-0593,,,,,
572,Sagar DSouza,32,"Panambur, Mangaluru",531,Male,P-0594,,,,,
573,Anil Sequeira,38,"Whitefield, Bengaluru City",533,Male,P-0595,,,,,
574,Uma Chavan,24,"Whitefield, Bengaluru City",533,Female,P-0596,2025-03-26,Karnataka,Bengaluru City,Cubbon Park PS,PSI Venkatesh Sharma
575,Jagadish Prabhu,28,"Jayanagar, Bengaluru City",535,Male,P-0597,2025-03-18,Karnataka,Bengaluru City,Cubbon Park PS,PSI Nagaraj Murthy
576,Mustafa Murthy,45,"Jayanagar, Bengaluru City",535,Male,P-0598,,,,,
577,Harish Adiga,28,"Indiranagar, Bengaluru City",536,Male,P-0599,,,,,
578,Mohan Kattimani,44,"Station Bazar, Kalaburagi",538,Male,P-0600,,,,,
579,Ramesh Sheikh,41,"Devaraja, Mysuru",539,Male,P-0601,2025-02-12,Karnataka,Mysuru,Kuvempunagar PS,ASI Basavaraj DSouza
580,Salman Kamath,39,"Devaraja, Mysuru",539,Male,P-0602,2025-02-08,Karnataka,Mysuru,Kuvempunagar PS,ASI Sanjay Pawar
581,Darshan Alva,30,"Cubbon Park, Bengaluru City",540,Male,P-0603,,,,,
582,Harish Gowda,33,"Station Road, Vijayapura",541,Male,P-0069,2025-03-18,Karnataka,Vijayapura,Adarsh Nagar PS,SI Ayesha Hiremath
583,Girish Bangera,47,"Devaraja, Mysuru",542,Male,P-0604,,,,,
584,Mustafa Nayak,46,"Devaraja, Mysuru",542,Male,P-0605,2025-04-05,Karnataka,Mysuru,Saraswathipuram PS,ASI Nithin Prabhu
585,Savitha Chavan,22,"Koramangala, Bengaluru City",543,Female,P-0606,2025-02-10,Karnataka,Bengaluru City,Indiranagar PS,PSI Pavan Pai
586,Yash Bangera,49,"Udupi Town, Udupi",544,Male,P-0048,2025-02-22,Karnataka,Udupi,Manipal PS,PSI Savitha Joshi
587,Manjunath Devadiga,25,"Jayanagar, Bengaluru City",545,Male,P-0607,,,,,
588,Madhu Kumar,36,"Jayanagar, Bengaluru City",545,Male,P-0608,,,,,
589,Mahesh Gowda,49,"Adarsh Nagar, Vijayapura",546,Male,P-0049,2025-03-30,Karnataka,Vijayapura,Jorapur Peth PS,PSI Nagaraj Sharma
590,Abdul Naik,39,"Adarsh Nagar, Vijayapura",546,Male,P-0609,2025-02-27,Karnataka,Vijayapura,Jorapur Peth PS,PSI Shobha Gowda
591,Anil Biradar,33,"Camp, Belagavi",547,Male,P-0610,,,,,
592,Rakesh Naik,23,"Lashkar, Mysuru",548,Male,P-0611,2025-03-25,Karnataka,Mysuru,Saraswathipuram PS,PSI Lokesh Moily
593,Chandru Pinto,38,"Gokul Road, Hubballi-Dharwad",549,Male,P-0612,2025-03-27,Karnataka,Hubballi-Dharwad,Dharwad Town PS,DySP Ganesh Prabhu
594,Pavan Pai,33,"Gokul Road, Hubballi-Dharwad",550,Male,P-0047,,,,,
595,Madhu Kini,23,"Jayanagar, Bengaluru City",551,Male,P-0613,2025-02-22,Karnataka,Bengaluru City,Yeshwanthpur PS,ASI Manjunath Kulkarni
596,Farhan Acharya,42,"Jayanagar, Bengaluru City",551,Male,P-0614,,,,,
597,Ajay Moily,30,"Station Road, Vijayapura",552,Male,P-0615,2025-03-09,Karnataka,Vijayapura,Gandhi Chowk PS,PSI Meghana Hegde
598,Harish Hiremath,34,"Shahapur, Belagavi",553,Male,P-0616,2025-02-09,Karnataka,Belagavi,Camp PS,Inspector Santhosh Suvarna
599,Madhu Shinde,23,"Koramangala, Bengaluru City",554,Male,P-0617,,,,,
600,Abdul Kamat,24,"Yeshwanthpur, Bengaluru City",555,Male,P-0618,2025-02-27,Karnataka,Bengaluru City,Whitefield PS,ASI Gowri Kini
601,Ayesha Nayak,31,"KTJ Nagar, Davanagere",556,Female,P-0038,2025-03-01,Karnataka,Davanagere,Bethur Road PS,DySP Harish DSouza
602,Bharath Rai,38,"KTJ Nagar, Davanagere",556,Male,P-0037,,,,,
603,Lokesh Sharma,22,"Jayanagar, Bengaluru City",557,Male,P-0066,,,,,
604,Sunitha Bhat,33,"Camp, Belagavi",558,Female,P-0619,2025-04-03,Karnataka,Belagavi,Tilakwadi PS,ASI Charan Kulkarni
605,Rakesh Nayak,44,"Udupi Town, Udupi",559,Male,P-0620,2025-03-25,Karnataka,Udupi,Manipal PS,DySP Ravi Reddy
606,Anand DSouza,45,"Vinoba Nagar, Shivamogga",561,Male,P-0621,,,,,
607,Irfan Kotian,29,"Cowl Bazar, Ballari",562,Male,P-0622,2025-03-20,Karnataka,Ballari,Toranagallu PS,ASI Raghavendra Deshpande
608,Naveen Pai,20,"Whitefield, Bengaluru City",564,Male,P-0623,2025-03-07,Karnataka,Bengaluru City,Jayanagar PS,ASI Bharath Iyer
609,Rajesh Bhat,28,"Yeshwanthpur, Bengaluru City",565,Male,P-0624,2025-04-06,Karnataka,Bengaluru City,Jayanagar PS,SI Abdul Biradar
610,Joseph Fernandes,38,"Yeshwanthpur, Bengaluru City",565,Male,P-0625,2025-04-07,Karnataka,Bengaluru City,Jayanagar PS,DySP Anil Kini
611,Jagadish Pasha,34,"Cubbon Park, Bengaluru City",566,Male,P-0626,2025-02-11,Karnataka,Bengaluru City,Indiranagar PS,PSI Hanumantha Udupa
612,Arun Joshi,20,"Surathkal, Mangaluru",568,Male,P-0627,,,,,
613,Divya Amin,38,"Surathkal, Mangaluru",568,Female,P-0628,2025-04-02,Karnataka,Mangaluru,Panambur PS,Inspector Venkatesh Devadiga
614,Peter Puthran,37,"Hassan Town, Hassan",569,Male,P-0629,2025-03-13,Karnataka,Hassan,Salagame Road PS,ASI Mustafa Karanth
615,Girish Karanth,24,"Koramangala, Bengaluru City",570,Male,P-0009,,,,,
616,Murali Prabhu,37,"Koramangala, Bengaluru City",570,Male,P-0007,2025-02-19,Karnataka,Bengaluru City,Jayanagar PS,ASI Bharath Iyer
617,Gopal Deshpande,36,"Koramangala, Bengaluru City",570,Male,P-0006,2025-03-09,Karnataka,Bengaluru City,Jayanagar PS,SI Ambika Kamat
618,Murali Rao,24,"Koramangala, Bengaluru City",570,Male,P-0008,,,,,
619,Siddaraju Udupa,26,"Doddapete, Shivamogga",572,Male,P-0035,2025-03-23,Karnataka,Shivamogga,Vinoba Nagar PS,PSI Ramesh Pinto
620,Ayesha Nayak,31,"Doddapete, Shivamogga",572,Female,P-0038,2025-02-14,Karnataka,Shivamogga,Vinoba Nagar PS,ASI Irfan Joshi
621,Bharath Rai,38,"Doddapete, Shivamogga",572,Male,P-0037,,,,,
622,Yash Shetty,24,"Doddapete, Shivamogga",572,Male,P-0036,,,,,
623,Mustafa Bhat,22,"Indiranagar, Bengaluru City",573,Male,P-0630,,,,,
624,Abdul Shanbhag,29,"Indiranagar, Bengaluru City",573,Male,P-0631,2025-03-07,Karnataka,Bengaluru City,Jayanagar PS,SI Abdul Biradar
625,Nithin Moily,42,"Kanakapura Road, Ramanagara",577,Male,P-0632,,,,,
626,Saraswathi Adiga,28,"Kanakapura Road, Ramanagara",577,Female,P-0633,,,,,
627,Yash Moily,21,"Station Road, Vijayapura",578,Male,P-0025,2025-03-06,Karnataka,Vijayapura,Jorapur Peth PS,PSI Nagaraj Sharma
628,Vinod DSouza,27,"Station Road, Vijayapura",578,Male,P-0028,2025-03-20,Karnataka,Vijayapura,Jorapur Peth PS,PSI Nagaraj Sharma
629,Manjunath Sait,32,"Station Road, Vijayapura",578,Male,P-0026,,,,,
630,Vikram Alva,35,"Yeshwanthpur, Bengaluru City",580,Male,P-0634,2025-04-01,Karnataka,Bengaluru City,Jayanagar PS,SI Abdul Biradar
631,Gowri Pai,28,"Jayanagar, Bengaluru City",581,Female,P-0635,2025-04-07,Karnataka,Bengaluru City,Whitefield PS,SI Pallavi Sait
632,Naveen Hiremath,31,"Jayanagar, Bengaluru City",583,Male,P-0636,2025-03-22,Karnataka,Bengaluru City,Koramangala PS,SI Bhavya Kamath
633,Girish Rai,29,"Khade Bazar, Belagavi",584,Male,P-0030,2025-04-03,Karnataka,Belagavi,Camp PS,DySP Ravi Naik
634,Puneeth Reddy,39,"Khade Bazar, Belagavi",584,Male,P-0034,2025-04-04,Karnataka,Belagavi,Camp PS,PSI Dinesh Sait
635,Uma Shetty,38,"Khade Bazar, Belagavi",584,Female,P-0031,,,,,
636,Rajesh Khan,23,"Khade Bazar, Belagavi",584,Male,P-0029,2025-02-26,Karnataka,Belagavi,Camp PS,PSI Arun Suvarna
637,Lokesh Bangera,23,"Bruce Pete, Ballari",585,Male,P-0068,2025-02-23,Karnataka,Ballari,Kampli Road PS,Inspector Anitha Madiwal
638,Pooja Moily,21,"Whitefield, Bengaluru City",586,Female,P-0637,,,,,
639,Jagadish Reddy,31,"Khade Bazar, Belagavi",587,Male,P-0638,,,,,
640,Mohan Joshi,34,"Jayanagar, Bengaluru City",589,Male,P-0639,2025-02-19,Karnataka,Bengaluru City,Indiranagar PS,PSI Pavan Pai
641,Imran Joshi,46,"Panambur, Mangaluru",590,Male,P-0640,2025-03-20,Karnataka,Mangaluru,Surathkal PS,Inspector Ajay Ballal
642,Parvathi Prabhu,30,"Cubbon Park, Bengaluru City",591,Female,P-0641,2025-03-13,Karnataka,Bengaluru City,Jayanagar PS,ASI Bharath Iyer
643,Puneeth Kini,31,"Jayanagar, Bengaluru City",592,Male,P-0642,2025-03-29,Karnataka,Bengaluru City,Koramangala PS,SI Bhavya Kamath
644,Jagadish Madiwal,29,"Salagame Road, Hassan",594,Male,P-0643,,,,,
645,Anil Hegde,29,"Shahapur, Belagavi",595,Male,P-0644,,,,,
646,Thomas Acharya,46,"Shahapur, Belagavi",595,Male,P-0645,2025-04-12,Karnataka,Belagavi,Tilakwadi PS,ASI Sudeep Kamath
647,Sunil Swamy,46,"Cubbon Park, Bengaluru City",596,Male,P-0646,2025-03-03,Karnataka,Bengaluru City,Jayanagar PS,DySP Anil Kini
648,Vikram Swamy,33,"Udupi Town, Udupi",598,Male,P-0647,2025-04-13,Karnataka,Udupi,Manipal PS,PSI Manjunath Pasha
649,Imran Rao,33,"Chowk, Kalaburagi",599,Male,P-0648,,,,,
650,Ramesh Pinto,39,"Chowk, Kalaburagi",599,Male,P-0649,2025-02-26,Karnataka,Kalaburagi,Brahmpur PS,SI Charan Angadi
651,Ravi Gowda,43,"Bruce Pete, Ballari",600,Male,P-0067,2025-04-02,Karnataka,Ballari,Toranagallu PS,PSI Basavaraj Udupa
652,Dinesh Hiremath,38,"Barke, Mangaluru",601,Male,P-0650,,,,,
653,Darshan Sait,28,"Salagame Road, Hassan",602,Male,P-0651,2025-04-01,Karnataka,Hassan,Hassan Town PS,PSI Saraswathi Shinde
654,Bharath Biradar,34,"Salagame Road, Hassan",602,Male,P-0652,,,,,
655,Riyaz Sheikh,29,"Tilakwadi, Belagavi",603,Male,P-0653,2025-04-04,Karnataka,Belagavi,Khade Bazar PS,ASI Raghavendra Pinto
656,Praveen Hiremath,39,"Tilakwadi, Belagavi",603,Male,P-0654,,,,,
657,Naveen Gowda,48,"Tilakwadi, Belagavi",603,Male,P-0655,,,,,
658,Vijay Acharya,27,"Tilakwadi, Belagavi",603,Male,P-0656,2025-04-06,Karnataka,Belagavi,Khade Bazar PS,Inspector Shivakumar Joshi
659,Raghavendra Shanbhag,27,"Tumakuru Town, Tumakuru",604,Male,P-0657,,,,,
660,Arun Iyengar,20,"Koramangala, Bengaluru City",605,Male,P-0658,2025-03-01,Karnataka,Bengaluru City,Whitefield PS,PSI Santhosh Bangera
661,Manjunath Deshpande,29,"Lashkar, Mysuru",607,Male,P-0659,,,,,
662,Srinivas Bhat,44,"Lashkar, Mysuru",607,Male,P-0660,2025-03-19,Karnataka,Mysuru,Saraswathipuram PS,ASI Rekha Naik
663,Hanumantha Pai,45,"Saraswathipuram, Mysuru",608,Male,P-0661,2025-03-23,Karnataka,Mysuru,Lashkar PS,PSI Manjunath Biradar
664,Pavan Khan,32,"Tilakwadi, Belagavi",609,Male,P-0662,2025-04-11,Karnataka,Belagavi,Camp PS,PSI Dinesh Sait
665,Puneeth Achar,43,"Whitefield, Bengaluru City",611,Male,P-0663,2025-04-25,Karnataka,Bengaluru City,Jayanagar PS,SI Mary Jadhav
666,Mahesh Deshpande,48,"Whitefield, Bengaluru City",611,Male,P-0664,2025-04-16,Karnataka,Bengaluru City,Jayanagar PS,ASI Bharath Iyer
667,Girish Baig,24,"Barke, Mangaluru",612,Male,P-0665,2025-04-20,Karnataka,Mangaluru,Ullal PS,Inspector Madhu Sheikh
668,Ambika Karanth,20,"Panambur, Mangaluru",613,Female,P-0666,2025-03-21,Karnataka,Mangaluru,Ullal PS,ASI Krishna Kattimani
669,Murali Pasha,27,"Antharasanahalli, Tumakuru",614,Male,P-0667,2025-04-27,Karnataka,Tumakuru,Kyathsandra PS,SI Basavaraj Shanbhag
670,Imran Sequeira,31,"Doddapete, Shivamogga",615,Male,P-0668,2025-03-19,Karnataka,Shivamogga,Vinoba Nagar PS,ASI Sagar Kamath
671,Irfan Udupa,31,"Doddapete, Shivamogga",615,Male,P-0669,2025-04-13,Karnataka,Shivamogga,Vinoba Nagar PS,PSI Abdul Karanth
672,Vikram Naik,24,"Kuvempunagar, Mysuru",616,Male,P-0670,2025-03-04,Karnataka,Mysuru,Lashkar PS,PSI Manjunath Biradar
673,Vikram Acharya,28,"Kuvempunagar, Mysuru",616,Male,P-0671,2025-04-25,Karnataka,Mysuru,Lashkar PS,SI Darshan Salian
674,Rakesh Kulkarni,37,"Kuvempunagar, Mysuru",616,Male,P-0672,,,,,
675,Yash Lobo,23,"Kuvempunagar, Mysuru",616,Male,P-0673,2025-04-01,Karnataka,Mysuru,Lashkar PS,PSI Manjunath Biradar
676,Irfan Pasha,30,"KTJ Nagar, Davanagere",617,Male,P-0674,,,,,
677,Rakesh Angadi,34,"KTJ Nagar, Davanagere",617,Male,P-0675,2025-04-14,Karnataka,Davanagere,Bethur Road PS,ASI Gagan Jadhav
678,Rakesh Alva,48,"Yeshwanthpur, Bengaluru City",618,Male,P-0676,2025-03-21,Karnataka,Bengaluru City,Koramangala PS,DySP Suresh Kulkarni
679,Peter Naik,28,"Yeshwanthpur, Bengaluru City",618,Male,P-0677,,,,,
680,Gagan Pawar,33,"Station Bazar, Kalaburagi",619,Male,P-0678,2025-04-11,Karnataka,Kalaburagi,Chowk PS,SI Anil Sequeira
681,Vinod Madiwal,47,"Koramangala, Bengaluru City",621,Male,P-0679,2025-04-26,Karnataka,Bengaluru City,Indiranagar PS,PSI Vikram Sharma
682,Murali Nayak,40,"Jayanagar, Bengaluru City",624,Male,P-0680,2025-03-14,Karnataka,Bengaluru City,Cubbon Park PS,PSI Nagaraj Murthy
683,Peter Prabhu,44,"Jayanagar, Bengaluru City",624,Male,P-0681,,,,,
684,Yash Khan,32,"Station Road, Vijayapura",626,Male,P-0682,2025-03-17,Karnataka,Vijayapura,Gandhi Chowk PS,Inspector Pavan Baig
685,Murali Kotian,25,"Manipal, Udupi",628,Male,P-0055,,,,,
686,Prakash DSouza,46,"Indiranagar, Bengaluru City",629,Male,P-0683,2025-03-15,Karnataka,Bengaluru City,Cubbon Park PS,DySP Deepa Puthran
687,Kiran Biradar,43,"Bidadi, Ramanagara",630,Male,P-0684,2025-04-25,Karnataka,Ramanagara,Channapatna PS,PSI Chandru Bhat
688,Basavaraj Pinto,27,"Yeshwanthpur, Bengaluru City",633,Male,P-0685,,,,,
689,Krishna Pinto,35,"Yeshwanthpur, Bengaluru City",633,Male,P-0686,,,,,
690,Arun Sharma,27,"Antharasanahalli, Tumakuru",634,Male,P-0687,,,,,
691,Srinivas Kini,47,"Yeshwanthpur, Bengaluru City",637,Male,P-0688,,,,,
692,Sandhya Kini,39,"Kampli Road, Ballari",638,Female,P-0689,,,,,
693,Harish Angadi,30,"Surathkal, Mangaluru",639,Male,P-0690,2025-04-26,Karnataka,Mangaluru,Panambur PS,ASI Sagar Swamy
694,Geetha Suvarna,39,"Kuvempunagar, Mysuru",641,Female,P-0691,2025-03-16,Karnataka,Mysuru,Saraswathipuram PS,SI Lakshmi Sait
695,Gopal Pawar,24,"Yeshwanthpur, Bengaluru City",642,Male,P-0692,2025-04-10,Karnataka,Bengaluru City,Whitefield PS,SI Ajay Patil
696,Ajay Deshpande,46,"Jayanagar, Bengaluru City",643,Male,P-0693,,,,,
697,Santhosh Jadhav,46,"Cowl Bazar, Ballari",644,Male,P-0694,2025-05-01,Karnataka,Ballari,Toranagallu PS,ASI Raghavendra Deshpande
698,Vikram Kotian,43,"Cowl Bazar, Ballari",644,Male,P-0695,2025-05-11,Karnataka,Ballari,Toranagallu PS,DySP Kiran Biradar
699,Priya Kamath,39,"Saraswathipuram, Mysuru",646,Female,P-0696,,,,,
700,Suresh Achar,45,"Saraswathipuram, Mysuru",646,Male,P-0697,,,,,
701,Shobha Murthy,26,"Azad Nagar, Davanagere",648,Female,P-0698,,,,,
702,Abhishek Kattimani,20,"Kuvempunagar, Mysuru",649,Male,P-0699,2025-04-08,Karnataka,Mysuru,Lashkar PS,ASI Sanjay Deshpande
703,Sanjay Shetty,37,"Panambur, Mangaluru",650,Male,P-0700,2025-04-28,Karnataka,Mangaluru,Barke PS,SI Gopal Alva
704,Vijay Reddy,38,"Panambur, Mangaluru",650,Male,P-0701,,,,,
705,Praveen Pai,42,"Panambur, Mangaluru",650,Male,P-0702,,,,,
706,Rakesh Pinto,42,"Cowl Bazar, Ballari",651,Male,P-0703,2025-05-03,Karnataka,Ballari,Kampli Road PS,ASI Naveen Naik
707,Mahesh Puthran,47,"Cowl Bazar, Ballari",651,Male,P-0704,,,,,
708,Yash Murthy,25,"Cowl Bazar, Ballari",651,Male,P-0705,,,,,
709,Puneeth Kotian,44,"Bruce Pete, Ballari",653,Male,P-0706,,,,,
710,Gopal Fernandes,44,"Kote, Shivamogga",654,Male,P-0061,2025-04-24,Karnataka,Shivamogga,Doddapete PS,ASI Suresh Patil
711,Sunil Kumar,48,"Jayanagar, Bengaluru City",656,Male,P-0707,,,,,
712,Murali Kotian,44,"Yeshwanthpur, Bengaluru City",658,Male,P-0708,,,,,
713,Joseph Biradar,38,"Yeshwanthpur, Bengaluru City",658,Male,P-0709,,,,,
714,Mustafa Kulkarni,43,"Yeshwanthpur, Bengaluru City",658,Male,P-0710,2025-03-30,Karnataka,Bengaluru City,Jayanagar PS,SI Abdul Biradar
715,Raghavendra Moily,46,"Tilakwadi, Belagavi",660,Male,P-0711,2025-03-19,Karnataka,Belagavi,Camp PS,PSI Dinesh Sait
716,Praveen Ballal,42,"Devaraja, Mysuru",661,Male,P-0712,,,,,
717,Sagar Kamat,22,"Shahapur, Belagavi",662,Male,P-0713,2025-03-17,Karnataka,Belagavi,Tilakwadi PS,ASI Dinesh Pasha
718,Manjunath Khan,27,"Kyathsandra, Tumakuru",663,Male,P-0060,2025-04-12,Karnataka,Tumakuru,Tumakuru Town PS,SI Riyaz Sheikh
719,Mary Hiremath,23,"Kyathsandra, Tumakuru",663,Female,P-0714,2025-04-09,Karnataka,Tumakuru,Tumakuru Town PS,Inspector Bharath Kamath
720,Nithin Poojary,49,"Kuvempunagar, Mysuru",664,Male,P-0715,2025-03-25,Karnataka,Mysuru,Saraswathipuram PS,ASI Nithin Prabhu
721,Syed Alva,26,"Kuvempunagar, Mysuru",664,Male,P-0716,2025-05-05,Karnataka,Mysuru,Saraswathipuram PS,PSI Umesh Iyengar
722,Venkatesh Sheikh,25,"Station Road, Vijayapura",665,Male,P-0717,,,,,
723,Kiran Kamat,39,"Azad Nagar, Davanagere",666,Male,P-0718,2025-04-06,Karnataka,Davanagere,Bethur Road PS,Inspector Jagadish Adiga
724,Mustafa Angadi,30,"Khade Bazar, Belagavi",667,Male,P-0719,2025-04-06,Karnataka,Belagavi,Camp PS,PSI Arun Suvarna
725,Vikram Swamy,47,"Jayanagar, Bengaluru City",669,Male,P-0720,,,,,
726,Vidya Gowda,36,"Jayanagar, Bengaluru City",669,Female,P-0721,,,,,
727,Karthik Joshi,47,"Koramangala, Bengaluru City",670,Male,P-0722,2025-03-23,Karnataka,Bengaluru City,Yeshwanthpur PS,ASI Lokesh Fernandes
728,Karthik Jadhav,39,"Koramangala, Bengaluru City",670,Male,P-0723,,,,,
729,Anil Deshpande,46,"Koramangala, Bengaluru City",670,Male,P-0724,,,,,
730,Anand Lobo,49,"Hassan Town, Hassan",671,Male,P-0725,2025-03-28,Karnataka,Hassan,Pension Mohalla PS,PSI Bhavya Salian
731,Peter Pai,42,"Cubbon Park, Bengaluru City",672,Male,P-0726,2025-05-06,Karnataka,Bengaluru City,Yeshwanthpur PS,ASI Bharath Bangera
732,Nagaraj Suvarna,25,"Malpe, Udupi",673,Male,P-0071,2025-04-06,Karnataka,Udupi,Udupi Town PS,PSI Sudeep Kini
733,Sanjay Sait,35,"Kote, Shivamogga",675,Male,P-0727,,,,,
734,Vikram Bangera,44,"Gandhi Chowk, Vijayapura",676,Male,P-0728,2025-04-04,Karnataka,Vijayapura,Jorapur Peth PS,ASI Priya Kumar
735,Nithin Bangera,20,"Gandhi Chowk, Vijayapura",676,Male,P-0729,,,,,
736,Hanumantha Shanbhag,34,"Gokul Road, Hubballi-Dharwad",677,Male,P-0730,,,,,
737,Sandhya Kini,35,"Gokul Road, Hubballi-Dharwad",677,Female,P-0731,,,,,
738,Lokesh Sharma,31,"Gokul Road, Hubballi-Dharwad",677,Male,P-0732,,,,,
739,Anand Hegde,43,"Whitefield, Bengaluru City",678,Male,P-0733,,,,,
740,Manjunath Bhat,27,"Doddapete, Shivamogga",679,Male,P-0734,,,,,
741,Sagar Kotian,40,"Doddapete, Shivamogga",679,Male,P-0735,2025-05-16,Karnataka,Shivamogga,Tilak Nagar PS,SI Siddaraju Hiremath
742,Chandru Angadi,49,"Doddapete, Shivamogga",679,Male,P-0736,,,,,
743,Abdul Gowda,44,"Salagame Road, Hassan",680,Male,P-0737,2025-04-07,Karnataka,Hassan,Pension Mohalla PS,Inspector Wilson Salian
744,Madhu Kini,43,"Surathkal, Mangaluru",681,Male,P-0738,,,,,
745,Gagan Amin,30,"Koramangala, Bengaluru City",682,Male,P-0739,,,,,
746,Venkatesh Devadiga,23,"Koramangala, Bengaluru City",682,Male,P-0740,2025-04-15,Karnataka,Bengaluru City,Jayanagar PS,ASI Bharath Iyer
747,Basavaraj Sheikh,21,"Old Hubballi, Hubballi-Dharwad",683,Male,P-0741,,,,,
748,Thomas Moily,48,"Indiranagar, Bengaluru City",684,Male,P-0742,,,,,
749,Abhishek Amin,36,"Hassan Town, Hassan",685,Male,P-0070,2025-04-06,Karnataka,Hassan,Pension Mohalla PS,Inspector Wilson Salian
750,Hanumantha Prabhu,40,"Tilakwadi, Belagavi",686,Male,P-0743,2025-04-02,Karnataka,Belagavi,Camp PS,PSI Arun Suvarna
751,Radha Murthy,39,"Tilakwadi, Belagavi",686,Female,P-0744,,,,,
752,Chetan Deshpande,21,"Lashkar, Mysuru",688,Male,P-0745,,,,,
753,Dinesh Achar,28,"Bidadi, Ramanagara",690,Male,P-0746,2025-05-07,Karnataka,Ramanagara,Ramanagara Town PS,ASI Chetan Jadhav
754,Raghavendra Gowda,40,"Ramanagara Town, Ramanagara",691,Male,P-0747,2025-04-16,Karnataka,Ramanagara,Channapatna PS,ASI Siddaraju Pawar
755,Darshan Patil,36,"Kanakapura Road, Ramanagara",694,Male,P-0748,2025-05-13,Karnataka,Ramanagara,Ramanagara Town PS,ASI Chetan Jadhav
756,Manjunath Nayak,27,"Old Hubballi, Hubballi-Dharwad",695,Male,P-0749,,,,,
757,Dinesh Puthran,29,"Koramangala, Bengaluru City",696,Male,P-0003,2025-04-24,Karnataka,Bengaluru City,Whitefield PS,PSI Santhosh Bangera
758,Chaitra Poojary,39,"Koramangala, Bengaluru City",696,Female,P-0005,,,,,
759,Santhosh Hiremath,29,"Koramangala, Bengaluru City",696,Male,P-0004,2025-05-08,Karnataka,Bengaluru City,Whitefield PS,SI Pallavi Sait
760,Praveen Suvarna,48,"Khade Bazar, Belagavi",697,Male,P-0056,2025-04-29,Karnataka,Belagavi,Shahapur PS,DySP Bhagya Karanth
761,Ganesh Lobo,28,"Indiranagar, Bengaluru City",698,Male,P-0750,2025-05-26,Karnataka,Bengaluru City,Whitefield PS,DySP Vinod Shetty
762,Girish Hiremath,47,"Jayanagar, Bengaluru City",699,Male,P-0751,,,,,
763,Arun Kamat,43,"Jayanagar, Bengaluru City",699,Male,P-0752,,,,,
764,Santhosh Puthran,25,"Panambur, Mangaluru",700,Male,P-0753,,,,,
765,Madhu Baig,30,"Antharasanahalli, Tumakuru",701,Male,P-0754,,,,,
766,Vanitha Kini,30,"Barke, Mangaluru",702,Female,P-0015,,,,,
767,Harish Sait,33,"Barke, Mangaluru",702,Male,P-0018,2025-04-16,Karnataka,Mangaluru,Panambur PS,Inspector Ganesh Bangera
768,Irfan Iyengar,33,"Tilak Nagar, Shivamogga",706,Male,P-0755,,,,,
769,Jagadish DSouza,32,"Tilak Nagar, Shivamogga",706,Male,P-0756,,,,,
770,Siddaraju Bangera,40,"MSK Mill, Kalaburagi",707,Male,P-0757,,,,,
771,Girish Kamath,41,"Koramangala, Bengaluru City",708,Male,P-0758,,,,,
772,Uma Reddy,28,"Barke, Mangaluru",709,Female,P-0759,2025-04-29,Karnataka,Mangaluru,Ullal PS,Inspector Sharada Sait
773,Vinod Rai,33,"Barke, Mangaluru",709,Male,P-0760,2025-04-24,Karnataka,Mangaluru,Ullal PS,Inspector Sharada Sait
774,Mohan Moily,48,"Antharasanahalli, Tumakuru",710,Male,P-0761,,,,,
775,Madhu Kumar,41,"Ullal, Mangaluru",714,Male,P-0762,,,,,
776,Praveen Suvarna,48,"Barke, Mangaluru",715,Male,P-0056,2025-04-26,Karnataka,Mangaluru,Panambur PS,Inspector Ganesh Bangera
777,Lokesh Bangera,23,"Cowl Bazar, Ballari",718,Male,P-0068,2025-04-28,Karnataka,Ballari,Kampli Road PS,Inspector Anitha Madiwal
778,Sudeep Biradar,49,"Cowl Bazar, Ballari",718,Male,P-0763,2025-04-23,Karnataka,Ballari,Kampli Road PS,PSI Sandhya Prabhu
779,Bharath Sheikh,33,"Kyathsandra, Tumakuru",719,Male,P-0764,2025-05-28,Karnataka,Tumakuru,Antharasanahalli PS,ASI Kiran Alva
780,Shruthi Murthy,36,"MSK Mill, Kalaburagi",722,Female,P-0765,,,,,
781,Harish Pawar,42,"Koramangala, Bengaluru City",723,Male,P-0766,2025-05-26,Karnataka,Bengaluru City,Cubbon Park PS,SI Shivakumar Pinto
782,Venkatesh Achar,38,"Koramangala, Bengaluru City",723,Male,P-0767,,,,,
783,Mohan Jadhav,25,"Antharasanahalli, Tumakuru",724,Male,P-0768,,,,,
784,Rajesh Pasha,41,"Yeshwanthpur, Bengaluru City",725,Male,P-0769,2025-04-23,Karnataka,Bengaluru City,Indiranagar PS,PSI Vikram Sharma
785,Gopal Bhat,24,"Cubbon Park, Bengaluru City",726,Male,P-0770,2025-04-23,Karnataka,Bengaluru City,Jayanagar PS,DySP Anil Kini
786,Ambika Achar,37,"Indiranagar, Bengaluru City",727,Female,P-0771,2025-04-12,Karnataka,Bengaluru City,Jayanagar PS,SI Ambika Kamat
787,Ramesh Iyengar,48,"Doddapete, Shivamogga",728,Male,P-0772,,,,,
788,Rakesh Pai,47,"Doddapete, Shivamogga",728,Male,P-0773,,,,,
789,Ramesh Karanth,49,"Cubbon Park, Bengaluru City",730,Male,P-0774,,,,,
790,Arun Hiremath,23,"Cubbon Park, Bengaluru City",730,Male,P-0775,2025-04-13,Karnataka,Bengaluru City,Indiranagar PS,PSI Sunil Sheikh
791,Madhu Karanth,41,"Bethur Road, Davanagere",731,Male,P-0046,2025-05-10,Karnataka,Davanagere,Nittuvalli PS,SI Umesh Naik
792,Jagadish Fernandes,45,"Station Bazar, Kalaburagi",732,Male,P-0776,,,,,
793,Ajay Amin,26,"Camp, Belagavi",733,Male,P-0777,2025-04-10,Karnataka,Belagavi,Khade Bazar PS,ASI Raghavendra Pinto
794,Sanjay Hiremath,37,"Camp, Belagavi",733,Male,P-0778,,,,,
795,Lakshmi Joshi,49,"Vidyanagar, Hubballi-Dharwad",735,Female,P-0779,2025-06-04,Karnataka,Hubballi-Dharwad,Gokul Road PS,PSI Charan Alva
796,Raghavendra Hiremath,41,"Vidyanagar, Hubballi-Dharwad",735,Male,P-0780,2025-04-15,Karnataka,Hubballi-Dharwad,Gokul Road PS,PSI Charan Alva
797,Lokesh Sharma,22,"Cubbon Park, Bengaluru City",737,Male,P-0066,,,,,
798,Hanumantha Pinto,38,"Cubbon Park, Bengaluru City",737,Male,P-0781,2025-05-27,Karnataka,Bengaluru City,Jayanagar PS,Inspector Umesh Hiremath
799,Madhu Rao,36,"Koramangala, Bengaluru City",738,Male,P-0782,2025-05-03,Karnataka,Bengaluru City,Indiranagar PS,PSI Hanumantha Udupa
800,Anil Murthy,24,"Koramangala, Bengaluru City",738,Male,P-0783,2025-05-22,Karnataka,Bengaluru City,Indiranagar PS,PSI Vikram Sharma
801,Anand Sequeira,37,"Koramangala, Bengaluru City",739,Male,P-0784,2025-04-15,Karnataka,Bengaluru City,Whitefield PS,PSI Santhosh Bangera
802,Arun Hegde,44,"Koramangala, Bengaluru City",739,Male,P-0785,,,,,
803,Manjunath Shanbhag,23,"Koramangala, Bengaluru City",739,Male,P-0786,,,,,
804,Charan Shanbhag,33,"Yeshwanthpur, Bengaluru City",740,Male,P-0787,2025-06-02,Karnataka,Bengaluru City,Koramangala PS,PSI Lakshmi Hiremath
805,Murali Kini,39,"Yeshwanthpur, Bengaluru City",741,Male,P-0788,2025-04-16,Karnataka,Bengaluru City,Koramangala PS,ASI Manjunath Pasha
806,Mohan Angadi,45,"Koramangala, Bengaluru City",742,Male,P-0789,,,,,
807,Dinesh Iyengar,44,"MSK Mill, Kalaburagi",743,Male,P-0790,2025-05-18,Karnataka,Kalaburagi,Brahmpur PS,DySP Jagadish Hiremath
808,Krishna Pai,35,"MSK Mill, Kalaburagi",743,Male,P-0791,2025-05-25,Karnataka,Kalaburagi,Brahmpur PS,Inspector Venkatesh Patil
809,Girish Nayak,45,"Bruce Pete, Ballari",744,Male,P-0792,,,,,
810,Vinod Patil,23,"Khade Bazar, Belagavi",746,Male,P-0793,2025-05-07,Karnataka,Belagavi,Tilakwadi PS,Inspector Mohan DSouza
811,Basavaraj Sequeira,46,"Khade Bazar, Belagavi",746,Male,P-0794,,,,,
812,Jagadish Poojary,29,"Khade Bazar, Belagavi",746,Male,P-0795,2025-05-14,Karnataka,Belagavi,Tilakwadi PS,ASI Dinesh Pasha
813,Nagaraj Shinde,39,"Kyathsandra, Tumakuru",747,Male,P-0796,2025-05-04,Karnataka,Tumakuru,Sira Gate PS,SI Sanjay Karanth
814,Gagan Kamat,27,"Kyathsandra, Tumakuru",747,Male,P-0797,,,,,
815,Nisha Jadhav,46,"Yeshwanthpur, Bengaluru City",748,Female,P-0798,,,,,
816,Riyaz Moily,24,"Tilak Nagar, Shivamogga",750,Male,P-0799,,,,,
817,Charan Shinde,32,"Tilak Nagar, Shivamogga",750,Male,P-0800,2025-05-10,Karnataka,Shivamogga,Kote PS,PSI Santhosh Moily
818,Gagan Shinde,24,"Cubbon Park, Bengaluru City",751,Male,P-0024,2025-05-16,Karnataka,Bengaluru City,Yeshwanthpur PS,ASI Irfan Udupa
819,Krishna Poojary,32,"Cubbon Park, Bengaluru City",751,Male,P-0020,2025-05-20,Karnataka,Bengaluru City,Yeshwanthpur PS,ASI Manjunath Kulkarni
820,Ajay Shinde,38,"Cubbon Park, Bengaluru City",751,Male,P-0021,,,,,
821,Chetan Kumar,33,"MSK Mill, Kalaburagi",752,Male,P-0041,2025-04-18,Karnataka,Kalaburagi,Brahmpur PS,ASI Praveen Ballal
822,Ramesh Madiwal,49,"Bidadi, Ramanagara",753,Male,P-0801,2025-06-09,Karnataka,Ramanagara,Ramanagara Town PS,ASI Chetan Jadhav
823,Ganesh Devadiga,40,"Indiranagar, Bengaluru City",754,Male,P-0802,2025-05-25,Karnataka,Bengaluru City,Cubbon Park PS,PSI Joseph Prabhu
824,Darshan Pai,26,"Indiranagar, Bengaluru City",754,Male,P-0803,2025-05-23,Karnataka,Bengaluru City,Cubbon Park PS,PSI Nagaraj Murthy
825,Anil Iyer,36,"Shahapur, Belagavi",755,Male,P-0804,2025-04-15,Karnataka,Belagavi,Tilakwadi PS,PSI Mustafa Bhat
826,Ajay Angadi,22,"Shahapur, Belagavi",755,Male,P-0805,2025-05-11,Karnataka,Belagavi,Tilakwadi PS,ASI Sudeep Kamath
827,Gopal Sheikh,43,"Shahapur, Belagavi",755,Male,P-0806,,,,,
828,Irfan Patil,30,"Shahapur, Belagavi",755,Male,P-0807,,,,,
829,Salma Gowda,33,"Koramangala, Bengaluru City",756,Female,P-0808,2025-05-05,Karnataka,Bengaluru City,Indiranagar PS,ASI Syed Shetty
830,Gopal Shinde,44,"Koramangala, Bengaluru City",757,Male,P-0809,2025-05-26,Karnataka,Bengaluru City,Whitefield PS,PSI Santhosh Bangera
831,Ramesh Alva,40,"Kampli Road, Ballari",758,Male,P-0810,,,,,
832,Parvathi DSouza,49,"Antharasanahalli, Tumakuru",759,Female,P-0811,2025-04-27,Karnataka,Tumakuru,Kyathsandra PS,PSI Sudeep Madiwal
833,Bharath Kotian,42,"MSK Mill, Kalaburagi",760,Male,P-0812,2025-06-08,Karnataka,Kalaburagi,Station Bazar PS,ASI Rekha DSouza
834,Suresh Chavan,29,"Jayanagar, Bengaluru City",761,Male,P-0813,2025-05-02,Karnataka,Bengaluru City,Yeshwanthpur PS,ASI Lokesh Fernandes
835,Arun Udupa,38,"Tumakuru Town, Tumakuru",766,Male,P-0814,2025-05-03,Karnataka,Tumakuru,Sira Gate PS,SI Sanjay Karanth
836,Joseph Amin,23,"Tumakuru Town, Tumakuru",766,Male,P-0815,2025-05-06,Karnataka,Tumakuru,Sira Gate PS,SI Geetha Kamath
837,Sanjay Achar,28,"Old Hubballi, Hubballi-Dharwad",767,Male,P-0816,2025-06-08,Karnataka,Hubballi-Dharwad,Vidyanagar PS,DySP Basavaraj Devadiga
838,Mohan Puthran,30,"Old Hubballi, Hubballi-Dharwad",767,Male,P-0817,,,,,
839,Abhishek Sharma,33,"Old Hubballi, Hubballi-Dharwad",767,Male,P-0818,2025-05-13,Karnataka,Hubballi-Dharwad,Vidyanagar PS,DySP Basavaraj Devadiga
840,Mohan Bhat,36,"Salagame Road, Hassan",768,Male,P-0059,2025-05-29,Karnataka,Hassan,Hassan Town PS,PSI Saraswathi Shinde
841,Dinesh Kotian,35,"Nittuvalli, Davanagere",769,Male,P-0819,2025-06-12,Karnataka,Davanagere,KTJ Nagar PS,PSI Syed Sait
842,Siddaraju Swamy,24,"Nittuvalli, Davanagere",769,Male,P-0820,2025-05-13,Karnataka,Davanagere,KTJ Nagar PS,PSI Mohan Sheikh
843,Shankar Achar,29,"Nittuvalli, Davanagere",769,Male,P-0821,,,,,
844,Harish Kulkarni,36,"Nittuvalli, Davanagere",769,Male,P-0822,2025-06-06,Karnataka,Davanagere,KTJ Nagar PS,SI Sanjay Shinde
845,Lokesh Kattimani,31,"MSK Mill, Kalaburagi",770,Male,P-0823,2025-05-26,Karnataka,Kalaburagi,Station Bazar PS,Inspector Swathi Moily
846,Vinod Achar,27,"MSK Mill, Kalaburagi",770,Male,P-0824,,,,,
847,Salman Kamat,41,"Khade Bazar, Belagavi",772,Male,P-0065,2025-05-31,Karnataka,Belagavi,Camp PS,PSI Dinesh Sait
848,Savitha Deshpande,42,"Khade Bazar, Belagavi",774,Female,P-0825,2025-06-17,Karnataka,Belagavi,Camp PS,PSI Dinesh Sait
849,Peter Bhat,33,"Yeshwanthpur, Bengaluru City",775,Male,P-0826,,,,,
850,Anand Khan,42,"Yeshwanthpur, Bengaluru City",775,Male,P-0827,2025-05-12,Karnataka,Bengaluru City,Cubbon Park PS,SI Darshan Madiwal
851,Chetan Bangera,34,"Yeshwanthpur, Bengaluru City",775,Male,P-0828,,,,,
852,Srinivas Shetty,43,"Yeshwanthpur, Bengaluru City",775,Male,P-0829,2025-06-04,Karnataka,Bengaluru City,Cubbon Park PS,PSI Joseph Prabhu
853,Uma Shetty,38,"Shahapur, Belagavi",776,Female,P-0031,2025-04-19,Karnataka,Belagavi,Camp PS,Inspector Nagaraj Angadi
854,Deepa Deshpande,26,"Shahapur, Belagavi",776,Female,P-0032,2025-05-30,Karnataka,Belagavi,Camp PS,PSI Dinesh Sait
855,Sunil Alva,41,"Cubbon Park, Bengaluru City",778,Male,P-0830,,,,,
856,Suresh DSouza,30,"Cubbon Park, Bengaluru City",778,Male,P-0831,,,,,
857,Jagadish Swamy,41,"Yeshwanthpur, Bengaluru City",779,Male,P-0832,2025-04-21,Karnataka,Bengaluru City,Jayanagar PS,DySP Anil Kini
858,Yash Shanbhag,34,"Yeshwanthpur, Bengaluru City",779,Male,P-0833,2025-05-15,Karnataka,Bengaluru City,Jayanagar PS,SI Mary Jadhav
859,Puneeth Bangera,43,"Whitefield, Bengaluru City",780,Male,P-0834,2025-05-24,Karnataka,Bengaluru City,Cubbon Park PS,SI Shivakumar Pinto
860,Nagaraj Amin,41,"Whitefield, Bengaluru City",780,Male,P-0835,2025-05-27,Karnataka,Bengaluru City,Cubbon Park PS,SI Darshan Madiwal
861,Pallavi Achar,49,"Vidyanagar, Hubballi-Dharwad",782,Female,P-0836,2025-06-04,Karnataka,Hubballi-Dharwad,Dharwad Town PS,SI Arun Sheikh
862,Satish Rai,32,"Vidyanagar, Hubballi-Dharwad",782,Male,P-0837,,,,,
863,Pavan Khan,21,"Surathkal, Mangaluru",783,Male,P-0838,2025-05-10,Karnataka,Mangaluru,Ullal PS,SI Mustafa Moily
864,Abhishek Kamath,32,"Surathkal, Mangaluru",783,Male,P-0839,,,,,
865,Charan Bangera,34,"Tumakuru Town, Tumakuru",784,Male,P-0840,,,,,
866,Shruthi Reddy,26,"Kuvempunagar, Mysuru",785,Female,P-0841,,,,,
867,Rajesh Patil,25,"Indiranagar, Bengaluru City",786,Male,P-0842,2025-05-25,Karnataka,Bengaluru City,Jayanagar PS,SI Ambika Kamat
868,Shankar Amin,36,"Indiranagar, Bengaluru City",786,Male,P-0843,2025-05-01,Karnataka,Bengaluru City,Jayanagar PS,ASI Bharath Iyer
869,Darshan Poojary,46,"Indiranagar, Bengaluru City",788,Male,P-0844,,,,,
870,Bharath Udupa,36,"Lashkar, Mysuru",790,Male,P-0845,2025-05-14,Karnataka,Mysuru,Saraswathipuram PS,ASI Rekha Naik
871,Vikram Pai,28,"Koramangala, Bengaluru City",791,Male,P-0846,2025-05-21,Karnataka,Bengaluru City,Cubbon Park PS,SI Darshan Madiwal
872,Vijay Chavan,24,"Shahapur, Belagavi",793,Male,P-0847,,,,,
873,Siddaraju Reddy,45,"Udupi Town, Udupi",794,Male,P-0848,,,,,
874,Yash Madiwal,22,"Koramangala, Bengaluru City",795,Male,P-0849,2025-06-20,Karnataka,Bengaluru City,Cubbon Park PS,PSI Joseph Prabhu
875,Ajay Swamy,39,"Koramangala, Bengaluru City",795,Male,P-0850,2025-05-01,Karnataka,Bengaluru City,Cubbon Park PS,DySP Deepa Puthran
876,Mustafa Iyer,23,"Bidadi, Ramanagara",796,Male,P-0851,,,,,
877,Jagadish Sharma,34,"Bidadi, Ramanagara",796,Male,P-0852,2025-05-30,Karnataka,Ramanagara,Channapatna PS,Inspector Gagan Amin
878,Girish Salian,35,"Bidadi, Ramanagara",796,Male,P-0853,,,,,
879,Joseph Sharma,33,"Ullal, Mangaluru",797,Male,P-0854,,,,,
880,Nagaraj Madiwal,46,"Gokul Road, Hubballi-Dharwad",798,Male,P-0855,2025-05-06,Karnataka,Hubballi-Dharwad,Old Hubballi PS,ASI Umesh Devadiga
881,Girish Chavan,39,"Azad Nagar, Davanagere",799,Male,P-0856,,,,,
882,Imran Kamat,24,"Bruce Pete, Ballari",800,Male,P-0857,2025-06-15,Karnataka,Ballari,Toranagallu PS,PSI Basavaraj Udupa
883,Syed Hegde,21,"Bruce Pete, Ballari",800,Male,P-0858,2025-05-27,Karnataka,Ballari,Toranagallu PS,PSI Basavaraj Chavan
884,Madhu Deshpande,21,"Bruce Pete, Ballari",800,Male,P-0859,,,,,
885,Bharath Rai,38,"Vinoba Nagar, Shivamogga",801,Male,P-0037,,,,,
886,Siddaraju Udupa,26,"Vinoba Nagar, Shivamogga",801,Male,P-0035,2025-05-03,Karnataka,Shivamogga,Kote PS,SI Murali Sequeira
887,Ayesha Nayak,31,"Vinoba Nagar, Shivamogga",801,Female,P-0038,2025-05-13,Karnataka,Shivamogga,Kote PS,DySP Suresh Acharya
888,Bharath Joshi,49,"Vinoba Nagar, Shivamogga",801,Male,P-0860,2025-05-02,Karnataka,Shivamogga,Kote PS,DySP Suresh Acharya
889,Chetan Kumar,33,"MSK Mill, Kalaburagi",802,Male,P-0041,,,,,
890,Peter Shinde,41,"Devaraja, Mysuru",803,Male,P-0861,,,,,
891,Joseph Poojary,48,"Devaraja, Mysuru",803,Male,P-0862,2025-05-21,Karnataka,Mysuru,Lashkar PS,ASI Sanjay Deshpande
892,Salman Pai,31,"Devaraja, Mysuru",803,Male,P-0863,2025-06-14,Karnataka,Mysuru,Lashkar PS,SI Shankar Hegde
893,Saraswathi Poojary,47,"Devaraja, Mysuru",803,Female,P-0864,,,,,
894,Rakesh Baig,47,"Ullal, Mangaluru",804,Male,P-0865,2025-06-07,Karnataka,Mangaluru,Barke PS,ASI Abdul Hegde
895,Peter Deshpande,37,"Cubbon Park, Bengaluru City",805,Male,P-0866,,,,,
896,Mahesh Ballal,45,"Lashkar, Mysuru",806,Male,P-0867,2025-06-11,Karnataka,Mysuru,Saraswathipuram PS,ASI Rekha Naik
897,Ravi Acharya,31,"Lashkar, Mysuru",806,Male,P-0868,2025-05-27,Karnataka,Mysuru,Saraswathipuram PS,ASI Nithin Prabhu
898,Abhishek Fernandes,33,"Hassan Town, Hassan",809,Male,P-0013,2025-05-13,Karnataka,Hassan,Pension Mohalla PS,DySP Sagar Swamy
899,Krishna Lobo,26,"Hassan Town, Hassan",809,Male,P-0012,,,,,
900,Manjunath Shinde,35,"Hassan Town, Hassan",809,Male,P-0011,2025-06-18,Karnataka,Hassan,Pension Mohalla PS,Inspector Wilson Salian
901,Ganesh Iyengar,45,"Whitefield, Bengaluru City",810,Male,P-0869,,,,,
902,Kiran Kulkarni,20,"Kaup, Udupi",812,Male,P-0870,,,,,
903,Charan Pawar,38,"Kaup, Udupi",812,Male,P-0871,2025-05-15,Karnataka,Udupi,Manipal PS,SI Venkatesh Adiga
904,Santhosh Fernandes,20,"Koramangala, Bengaluru City",813,Male,P-0872,,,,,
905,Vikram Devadiga,49,"Indiranagar, Bengaluru City",814,Male,P-0873,2025-06-27,Karnataka,Bengaluru City,Jayanagar PS,SI Abdul Biradar
906,Anand Kamat,34,"Camp, Belagavi",815,Male,P-0054,,,,,
907,Thomas Madiwal,38,"Indiranagar, Bengaluru City",816,Male,P-0874,2025-07-02,Karnataka,Bengaluru City,Jayanagar PS,Inspector Umesh Hiremath
908,Ganesh Sharma,42,"Indiranagar, Bengaluru City",816,Male,P-0875,2025-07-02,Karnataka,Bengaluru City,Jayanagar PS,SI Abdul Biradar
909,Uma Swamy,28,"Indiranagar, Bengaluru City",816,Female,P-0876,,,,,
910,Krishna Naik,48,"Saraswathipuram, Mysuru",817,Male,P-0877,,,,,
911,Imran Kamath,40,"KTJ Nagar, Davanagere",818,Male,P-0878,,,,,
912,Prakash Sheikh,47,"KTJ Nagar, Davanagere",818,Male,P-0879,,,,,
913,Santhosh Sharma,22,"Lashkar, Mysuru",819,Male,P-0880,2025-06-10,Karnataka,Mysuru,Kuvempunagar PS,PSI Puneeth Patil
914,Pavan Sharma,32,"Salagame Road, Hassan",820,Male,P-0881,2025-05-24,Karnataka,Hassan,Pension Mohalla PS,PSI Girish Madiwal
915,Praveen Achar,23,"Jayanagar, Bengaluru City",821,Male,P-0882,,,,,
916,Salman Bangera,34,"Jayanagar, Bengaluru City",821,Male,P-0883,,,,,
917,Santhosh Biradar,36,"Kadri, Mangaluru",822,Male,P-0884,2025-06-20,Karnataka,Mangaluru,Panambur PS,ASI Sagar Swamy
918,Mahesh Shetty,45,"Malpe, Udupi",824,Male,P-0885,2025-06-17,Karnataka,Udupi,Kaup PS,SI Satish Kotian
919,Farhan Shanbhag,23,"Station Bazar, Kalaburagi",825,Male,P-0886,,,,,
920,Sudeep Adiga,49,"Vidyanagar, Hubballi-Dharwad",826,Male,P-0887,2025-06-02,Karnataka,Hubballi-Dharwad,Old Hubballi PS,PSI Harish Achar
921,Rajesh Bhat,45,"Yeshwanthpur, Bengaluru City",827,Male,P-0888,2025-05-22,Karnataka,Bengaluru City,Koramangala PS,Inspector Farhan Sharma
922,Peter Karanth,28,"Yeshwanthpur, Bengaluru City",827,Male,P-0889,2025-07-03,Karnataka,Bengaluru City,Koramangala PS,SI Bhavya Kamath
923,Fathima Angadi,49,"Kaup, Udupi",829,Female,P-0890,2025-07-04,Karnataka,Udupi,Manipal PS,PSI Yash Suvarna
924,Pavan Swamy,36,"Kaup, Udupi",829,Male,P-0891,,,,,
925,Srinivas Biradar,43,"Pension Mohalla, Hassan",830,Male,P-0064,,,,,
926,Saraswathi Kotian,27,"Pension Mohalla, Hassan",830,Female,P-0892,2025-06-26,Karnataka,Hassan,Hassan Town PS,ASI Mustafa Shanbhag
927,Murali Alva,46,"Kyathsandra, Tumakuru",831,Male,P-0893,2025-05-23,Karnataka,Tumakuru,Tumakuru Town PS,Inspector Satish Jadhav
928,Vinod Poojary,41,"Brahmpur, Kalaburagi",832,Male,P-0894,2025-05-24,Karnataka,Kalaburagi,Chowk PS,SI Anil Sequeira
929,Salman Suvarna,26,"Brahmpur, Kalaburagi",832,Male,P-0895,,,,,
930,Abhishek Reddy,30,"Yeshwanthpur, Bengaluru City",833,Male,P-0896,,,,,
931,Girish Pawar,37,"Whitefield, Bengaluru City",834,Male,P-0897,,,,,
932,Sudeep Pawar,25,"Whitefield, Bengaluru City",834,Male,P-0898,,,,,
933,Suresh Fernandes,38,"Kanakapura Road, Ramanagara",835,Male,P-0062,2025-06-10,Karnataka,Ramanagara,Bidadi PS,Inspector Ravi Kotian
934,Shobha Sait,23,"Nittuvalli, Davanagere",836,Female,P-0899,,,,,
935,Ganesh Kulkarni,31,"Nittuvalli, Davanagere",836,Male,P-0900,2025-07-04,Karnataka,Davanagere,Bethur Road PS,DySP Girish Kamath
936,Pooja Puthran,22,"Nittuvalli, Davanagere",836,Female,P-0901,,,,,
937,Abdul Alva,45,"Saraswathipuram, Mysuru",838,Male,P-0902,2025-06-27,Karnataka,Mysuru,Kuvempunagar PS,ASI Sanjay Pawar
938,Ramesh Kini,30,"Saraswathipuram, Mysuru",838,Male,P-0903,,,,,
939,Harish Suvarna,45,"Gokul Road, Hubballi-Dharwad",839,Male,P-0904,,,,,
940,Madhu Karanth,41,"Nittuvalli, Davanagere",840,Male,P-0046,2025-05-20,Karnataka,Davanagere,Bethur Road PS,SI Harish Kumar
941,Bharath Acharya,36,"Chowk, Kalaburagi",841,Male,P-0905,,,,,
942,Shivakumar Poojary,20,"Chowk, Kalaburagi",841,Male,P-0906,2025-05-15,Karnataka,Kalaburagi,Station Bazar PS,PSI Vanitha Puthran
943,Vinod Sait,46,"Panambur, Mangaluru",842,Male,P-0907,,,,,
944,Praveen Murthy,24,"Panambur, Mangaluru",842,Male,P-0908,,,,,
945,Chandru Amin,29,"Panambur, Mangaluru",842,Male,P-0909,2025-05-12,Karnataka,Mangaluru,Ullal PS,SI Irfan Deshpande
946,Anitha Deshpande,47,"Vidyanagar, Hubballi-Dharwad",843,Female,P-0910,,,,,
947,Rohan Deshpande,48,"Vidyanagar, Hubballi-Dharwad",843,Male,P-0911,,,,,
948,Anand Gowda,31,"Ullal, Mangaluru",844,Male,P-0912,2025-06-17,Karnataka,Mangaluru,Barke PS,DySP Basavaraj Naik
949,Naveen Karanth,26,"Sira Gate, Tumakuru",845,Male,P-0043,,,,,
950,Charan Pinto,47,"Lashkar, Mysuru",846,Male,P-0913,2025-07-04,Karnataka,Mysuru,Devaraja PS,PSI Raghavendra Pai
951,Venkatesh Rai,49,"Kanakapura Road, Ramanagara",848,Male,P-0914,,,,,
952,Venkatesh Devadiga,42,"KTJ Nagar, Davanagere",849,Male,P-0915,2025-05-27,Karnataka,Davanagere,Azad Nagar PS,PSI Rajesh Kotian
953,Venkatesh Swamy,26,"Koramangala, Bengaluru City",850,Male,P-0916,,,,,
954,Venkatesh Bhat,45,"Bidadi, Ramanagara",851,Male,P-0917,2025-05-22,Karnataka,Ramanagara,Channapatna PS,ASI Syed Pawar
955,Joseph Adiga,47,"Bidadi, Ramanagara",851,Male,P-0918,2025-07-09,Karnataka,Ramanagara,Channapatna PS,Inspector Nithin Sequeira
956,Murali Patil,27,"Gandhi Chowk, Vijayapura",852,Male,P-0919,2025-06-29,Karnataka,Vijayapura,Station Road PS,Inspector Nagaraj Ballal
957,Bharath Khan,45,"Malpe, Udupi",854,Male,P-0920,,,,,
958,Srinivas Sharma,42,"Indiranagar, Bengaluru City",855,Male,P-0921,2025-06-20,Karnataka,Bengaluru City,Yeshwanthpur PS,ASI Lokesh Fernandes
959,Rohan Acharya,26,"Sira Gate, Tumakuru",857,Male,P-0922,,,,,
960,Abdul Ballal,44,"Sira Gate, Tumakuru",857,Male,P-0923,,,,,
961,Mohan Kulkarni,49,"Indiranagar, Bengaluru City",858,Male,P-0924,,,,,
962,Dinesh Fernandes,36,"Indiranagar, Bengaluru City",858,Male,P-0925,,,,,
963,Mohan Biradar,42,"Indiranagar, Bengaluru City",858,Male,P-0926,,,,,
964,Rohan Joshi,49,"Camp, Belagavi",859,Male,P-0927,2025-07-03,Karnataka,Belagavi,Tilakwadi PS,PSI Mustafa Bhat
965,Umesh Hiremath,37,"Camp, Belagavi",859,Male,P-0928,,,,,
966,Nisha Nayak,24,"Devaraja, Mysuru",860,Female,P-0929,,,,,
967,Bhavya Biradar,21,"Brahmpur, Kalaburagi",861,Female,P-0930,2025-06-15,Karnataka,Kalaburagi,Chowk PS,Inspector Shankar Salian
968,Peter Murthy,47,"Bidadi, Ramanagara",862,Male,P-0931,,,,,
969,Meghana Pawar,30,"Yeshwanthpur, Bengaluru City",864,Female,P-0932,,,,,
970,Srinivas Sait,34,"Yeshwanthpur, Bengaluru City",864,Male,P-0933,,,,,
971,Latha Pawar,27,"Chowk, Kalaburagi",867,Female,P-0934,,,,,
972,Girish Bangera,37,"Cubbon Park, Bengaluru City",869,Male,P-0935,2025-06-09,Karnataka,Bengaluru City,Indiranagar PS,PSI Sunil Sheikh
973,Vikram Sharma,23,"Yeshwanthpur, Bengaluru City",871,Male,P-0936,2025-06-22,Karnataka,Bengaluru City,Cubbon Park PS,DySP Deepa Puthran
974,Sanjay Kamat,41,"Indiranagar, Bengaluru City",872,Male,P-0937,,,,,
975,Girish Bangera,39,"Lashkar, Mysuru",873,Male,P-0938,,,,,
976,Dinesh Nayak,27,"Shahapur, Belagavi",874,Male,P-0939,2025-06-10,Karnataka,Belagavi,Tilakwadi PS,ASI Dinesh Pasha
977,Dinesh Udupa,38,"Shahapur, Belagavi",874,Male,P-0940,,,,,
978,Sagar Madiwal,20,"Vidyanagar, Hubballi-Dharwad",876,Male,P-0941,,,,,
979,Prakash Iyer,26,"Vidyanagar, Hubballi-Dharwad",876,Male,P-0942,,,,,
980,Suresh Iyengar,20,"Vidyanagar, Hubballi-Dharwad",876,Male,P-0943,,,,,
981,Srinivas Poojary,44,"Toranagallu, Ballari",877,Male,P-0944,2025-07-04,Karnataka,Ballari,Kampli Road PS,PSI Sandhya Prabhu
982,Rohan Chavan,21,"Yeshwanthpur, Bengaluru City",879,Male,P-0945,,,,,
983,Manjunath Kattimani,37,"Yeshwanthpur, Bengaluru City",879,Male,P-0946,,,,,
984,Ravi Bhat,22,"Panambur, Mangaluru",880,Male,P-0947,2025-06-07,Karnataka,Mangaluru,Kadri PS,DySP Seetha Salian
985,Abdul Salian,46,"Tilakwadi, Belagavi",881,Male,P-0948,2025-07-19,Karnataka,Belagavi,Khade Bazar PS,PSI Charan Poojary
986,Ganesh Iyengar,31,"Shahapur, Belagavi",882,Male,P-0949,,,,,
987,Gopal Reddy,42,"Azad Nagar, Davanagere",883,Male,P-0950,2025-07-15,Karnataka,Davanagere,Nittuvalli PS,PSI Abdul Bangera
988,Anand Pinto,27,"Bethur Road, Davanagere",884,Male,P-0951,,,,,
989,Abhishek Amin,36,"Salagame Road, Hassan",886,Male,P-0070,2025-07-07,Karnataka,Hassan,Hassan Town PS,ASI Harish Kattimani
990,Thomas Gowda,45,"Indiranagar, Bengaluru City",889,Male,P-0952,,,,,
991,Umesh Salian,21,"Sira Gate, Tumakuru",891,Male,P-0953,2025-07-08,Karnataka,Tumakuru,Tumakuru Town PS,Inspector Satish Jadhav
992,Sagar Pasha,21,"Whitefield, Bengaluru City",892,Male,P-0954,,,,,
993,Praveen Gowda,21,"Yeshwanthpur, Bengaluru City",893,Male,P-0955,,,,,
994,Riyaz Rai,29,"Whitefield, Bengaluru City",894,Male,P-0956,,,,,
995,Pavan Chavan,40,"Whitefield, Bengaluru City",894,Male,P-0957,2025-06-09,Karnataka,Bengaluru City,Cubbon Park PS,SI Darshan Madiwal
996,Sanjay Biradar,41,"Whitefield, Bengaluru City",894,Male,P-0958,2025-05-30,Karnataka,Bengaluru City,Cubbon Park PS,PSI Nagaraj Murthy
997,Krishna Gowda,38,"Tilakwadi, Belagavi",895,Male,P-0959,,,,,
998,Imran Sait,25,"Kadri, Mangaluru",896,Male,P-0960,2025-07-07,Karnataka,Mangaluru,Panambur PS,Inspector Venkatesh Devadiga
999,Lokesh Alva,49,"Whitefield, Bengaluru City",897,Male,P-0961,,,,,
1000,Praveen Adiga,48,"Whitefield, Bengaluru City",897,Male,P-0962,2025-06-08,Karnataka,Bengaluru City,Koramangala PS,PSI Lakshmi Hiremath
1001,Gagan Baig,40,"Whitefield, Bengaluru City",897,Male,P-0963,,,,,
1002,Joseph Angadi,33,"Whitefield, Bengaluru City",897,Male,P-0964,2025-06-06,Karnataka,Bengaluru City,Koramangala PS,Inspector Farhan Sharma
1003,Vijay Kattimani,41,"Salagame Road, Hassan",898,Male,P-0965,,,,,
1004,Kiran Kotian,24,"Salagame Road, Hassan",898,Male,P-0966,,,,,
1005,Hanumantha Salian,49,"Salagame Road, Hassan",898,Male,P-0967,2025-07-23,Karnataka,Hassan,Pension Mohalla PS,Inspector Farhan Karanth
1006,Praveen Salian,21,"Salagame Road, Hassan",898,Male,P-0968,2025-06-25,Karnataka,Hassan,Pension Mohalla PS,DySP Sagar Swamy
1007,Anand Baig,22,"Yeshwanthpur, Bengaluru City",899,Male,P-0969,,,,,
1008,Imran Suvarna,36,"Yeshwanthpur, Bengaluru City",899,Male,P-0970,2025-07-23,Karnataka,Bengaluru City,Indiranagar PS,ASI Syed Shetty
1009,Riyaz Pawar,40,"Pension Mohalla, Hassan",900,Male,P-0971,2025-07-17,Karnataka,Hassan,Salagame Road PS,PSI Rakesh Baig
1010,Abhishek Sait,39,"Pension Mohalla, Hassan",900,Male,P-0972,2025-07-06,Karnataka,Hassan,Salagame Road PS,Inspector Abdul Shetty
1011,Basavaraj Kulkarni,40,"Pension Mohalla, Hassan",900,Male,P-0973,2025-06-06,Karnataka,Hassan,Salagame Road PS,PSI Rakesh Baig
1012,Anil Naik,27,"Salagame Road, Hassan",901,Male,P-0974,,,,,
1013,Abdul Khan,34,"Salagame Road, Hassan",901,Male,P-0975,,,,,
1014,Irfan Poojary,46,"Vidyanagar, Hubballi-Dharwad",903,Male,P-0976,2025-07-14,Karnataka,Hubballi-Dharwad,Gokul Road PS,DySP Sunil Iyer
1015,Harish Chavan,20,"Vidyanagar, Hubballi-Dharwad",903,Male,P-0977,2025-05-30,Karnataka,Hubballi-Dharwad,Gokul Road PS,SI Charan Kulkarni
1016,Ajay Devadiga,27,"Whitefield, Bengaluru City",904,Male,P-0978,,,,,
1017,Irfan Ballal,32,"Saraswathipuram, Mysuru",905,Male,P-0979,2025-07-15,Karnataka,Mysuru,Lashkar PS,ASI Divya Deshpande
1018,Ravi Nayak,24,"Whitefield, Bengaluru City",907,Male,P-0980,,,,,
1019,Chandru Salian,40,"Cowl Bazar, Ballari",910,Male,P-0981,,,,,
1020,Thomas Chavan,30,"Jayanagar, Bengaluru City",912,Male,P-0982,,,,,
1021,Priya Pawar,43,"Doddapete, Shivamogga",913,Female,P-0983,,,,,
1022,Charan Fernandes,46,"Doddapete, Shivamogga",913,Male,P-0984,2025-08-02,Karnataka,Shivamogga,Tilak Nagar PS,SI Siddaraju Hiremath
1023,Anand Pawar,21,"Doddapete, Shivamogga",913,Male,P-0985,,,,,
1024,Joseph Rai,32,"Doddapete, Shivamogga",913,Male,P-0986,,,,,
1025,Naveen Rao,45,"Sira Gate, Tumakuru",915,Male,P-0987,,,,,
1026,Charan Suvarna,45,"Sira Gate, Tumakuru",915,Male,P-0988,,,,,
1027,Nagaraj Amin,22,"Brahmpur, Kalaburagi",919,Male,P-0989,2025-06-20,Karnataka,Kalaburagi,Chowk PS,Inspector Irfan Kulkarni
1028,Soumya Rai,31,"Brahmpur, Kalaburagi",920,Female,P-0990,2025-06-30,Karnataka,Kalaburagi,MSK Mill PS,PSI Ganesh Kulkarni
1029,Praveen Rao,20,"Dharwad Town, Hubballi-Dharwad",921,Male,P-0991,2025-06-16,Karnataka,Hubballi-Dharwad,Gokul Road PS,DySP Sunil Iyer
1030,Raghavendra Joshi,45,"Jayanagar, Bengaluru City",923,Male,P-0992,2025-06-22,Karnataka,Bengaluru City,Whitefield PS,SI Girish Hegde
1031,Puneeth Sequeira,33,"Jayanagar, Bengaluru City",923,Male,P-0993,2025-08-04,Karnataka,Bengaluru City,Whitefield PS,SI Pallavi Sait
1032,Abdul Sait,28,"Cowl Bazar, Ballari",924,Male,P-0994,2025-08-03,Karnataka,Ballari,Kampli Road PS,PSI Naveen Iyer
1033,Lokesh Bhat,39,"Koramangala, Bengaluru City",925,Male,P-0995,2025-07-14,Karnataka,Bengaluru City,Whitefield PS,SI Girish Hegde
1034,Imran Kattimani,34,"Tilakwadi, Belagavi",926,Male,P-0996,,,,,
1035,Venkatesh Swamy,24,"Salagame Road, Hassan",927,Male,P-0997,,,,,
1036,Nithin Fernandes,48,"Salagame Road, Hassan",927,Male,P-0998,2025-07-09,Karnataka,Hassan,Hassan Town PS,ASI Mustafa Shanbhag
1037,Nagaraj Pawar,37,"Doddapete, Shivamogga",928,Male,P-0999,,,,,
1038,Girish Joshi,46,"Doddapete, Shivamogga",928,Male,P-1000,,,,,
1039,Pavan Gowda,37,"Devaraja, Mysuru",930,Male,P-1001,,,,,
1040,Raghavendra Pasha,28,"Devaraja, Mysuru",930,Male,P-1002,2025-07-01,Karnataka,Mysuru,Kuvempunagar PS,ASI Sanjay Pawar
1041,Madhu Poojary,26,"Antharasanahalli, Tumakuru",931,Male,P-1003,2025-08-01,Karnataka,Tumakuru,Kyathsandra PS,SI Prakash Kulkarni
1042,Ramya Kini,33,"Tumakuru Town, Tumakuru",932,Female,P-1004,2025-07-13,Karnataka,Tumakuru,Antharasanahalli PS,ASI Spandana Sequeira
1043,Wilson Prabhu,45,"Tumakuru Town, Tumakuru",932,Male,P-1005,,,,,
1044,Raghavendra Angadi,41,"Tilak Nagar, Shivamogga",933,Male,P-1006,2025-07-27,Karnataka,Shivamogga,Kote PS,SI Nagaraj Kamath
1045,Shwetha Acharya,46,"Vidyanagar, Hubballi-Dharwad",934,Female,P-1007,,,,,
1046,Krishna Gowda,49,"Vidyanagar, Hubballi-Dharwad",934,Male,P-1008,2025-06-20,Karnataka,Hubballi-Dharwad,Old Hubballi PS,PSI Harish Achar
1047,Anil Devadiga,24,"Yeshwanthpur, Bengaluru City",935,Male,P-1009,,,,,
1048,Anitha Jadhav,46,"Tumakuru Town, Tumakuru",938,Female,P-1010,,,,,
1049,Ambika Gowda,43,"Tumakuru Town, Tumakuru",938,Female,P-1011,2025-08-08,Karnataka,Tumakuru,Kyathsandra PS,SI Prakash Kulkarni
1050,Salman Kattimani,31,"Kuvempunagar, Mysuru",943,Male,P-1012,,,,,
1051,Girish Poojary,36,"Kaup, Udupi",945,Male,P-1013,2025-07-24,Karnataka,Udupi,Manipal PS,ASI Chandru Iyengar
1052,Siddaraju Baig,28,"Kaup, Udupi",945,Male,P-1014,2025-08-13,Karnataka,Udupi,Manipal PS,SI Venkatesh Adiga
1053,Santhosh Hiremath,29,"Indiranagar, Bengaluru City",947,Male,P-0004,2025-07-02,Karnataka,Bengaluru City,Jayanagar PS,DySP Anil Kini
1054,Chaitra Poojary,39,"Indiranagar, Bengaluru City",947,Female,P-0005,2025-07-04,Karnataka,Bengaluru City,Jayanagar PS,DySP Anil Kini
1055,Farhan Murthy,35,"Indiranagar, Bengaluru City",947,Male,P-0001,2025-07-20,Karnataka,Bengaluru City,Jayanagar PS,SI Mary Jadhav
1056,Dinesh Puthran,29,"Indiranagar, Bengaluru City",947,Male,P-0003,2025-08-01,Karnataka,Bengaluru City,Jayanagar PS,SI Ambika Kamat
1057,Darshan Udupa,44,"Indiranagar, Bengaluru City",949,Male,P-1015,2025-07-27,Karnataka,Bengaluru City,Jayanagar PS,Inspector Umesh Hiremath
1058,Sanjay Kattimani,43,"Cubbon Park, Bengaluru City",950,Male,P-1016,,,,,
1059,Kiran Bhat,34,"Cubbon Park, Bengaluru City",950,Male,P-1017,,,,,
1060,Hema Sait,28,"Cubbon Park, Bengaluru City",950,Female,P-1018,,,,,
1061,Mahesh Rao,36,"Indiranagar, Bengaluru City",951,Male,P-1019,2025-06-27,Karnataka,Bengaluru City,Jayanagar PS,DySP Anil Kini
1062,Praveen Kulkarni,47,"Kampli Road, Ballari",953,Male,P-1020,2025-08-01,Karnataka,Ballari,Bruce Pete PS,SI Thomas Adiga
1063,Vinod Deshpande,42,"Kampli Road, Ballari",953,Male,P-1021,2025-08-02,Karnataka,Ballari,Bruce Pete PS,SI Thomas Adiga
1064,Girish Suvarna,28,"Shahapur, Belagavi",954,Male,P-1022,2025-08-02,Karnataka,Belagavi,Camp PS,DySP Ravi Naik
1065,Bharath Bhat,45,"Shahapur, Belagavi",954,Male,P-1023,2025-07-16,Karnataka,Belagavi,Camp PS,DySP Ravi Naik
1066,Abhishek Pasha,37,"Indiranagar, Bengaluru City",956,Male,P-1024,2025-08-04,Karnataka,Bengaluru City,Cubbon Park PS,PSI Joseph Prabhu
1067,Irfan Sharma,25,"Khade Bazar, Belagavi",958,Male,P-1025,,,,,
1068,Raghavendra Angadi,35,"Hassan Town, Hassan",959,Male,P-1026,2025-08-05,Karnataka,Hassan,Salagame Road PS,PSI Girish Moily
1069,Naveen Karanth,26,"Antharasanahalli, Tumakuru",960,Male,P-0043,,,,,
1070,Kiran Kotian,39,"Indiranagar, Bengaluru City",961,Male,P-1027,2025-07-13,Karnataka,Bengaluru City,Cubbon Park PS,SI Shivakumar Pinto
1071,Mustafa Bhat,40,"Toranagallu, Ballari",963,Male,P-1028,2025-07-09,Karnataka,Ballari,Cowl Bazar PS,PSI Jagadish Pinto
1072,Madhu Sequeira,27,"Ullal, Mangaluru",965,Male,P-1029,,,,,
1073,Arun Rai,30,"Ullal, Mangaluru",965,Male,P-1030,,,,,
1074,Joseph Chavan,48,"Ullal, Mangaluru",965,Male,P-1031,2025-08-09,Karnataka,Mangaluru,Surathkal PS,PSI Jagadish DSouza
1075,Vidya Karanth,23,"Toranagallu, Ballari",966,Female,P-1032,2025-07-30,Karnataka,Ballari,Kampli Road PS,Inspector Anitha Madiwal
1076,Peter Lobo,24,"Toranagallu, Ballari",966,Male,P-1033,,,,,
1077,Madhu Kamat,44,"Koramangala, Bengaluru City",967,Male,P-1034,,,,,
1078,Joseph Shinde,23,"Cubbon Park, Bengaluru City",968,Male,P-1035,2025-08-05,Karnataka,Bengaluru City,Whitefield PS,SI Ajay Patil
1079,Rajesh Joshi,41,"Sira Gate, Tumakuru",970,Male,P-1036,2025-06-21,Karnataka,Tumakuru,Kyathsandra PS,DySP Rakesh Karanth
1080,Basavaraj Sait,32,"Tilakwadi, Belagavi",972,Male,P-1037,,,,,
1081,Farhan Kumar,22,"Tilakwadi, Belagavi",972,Male,P-1038,,,,,
1082,Murali Shinde,29,"Jorapur Peth, Vijayapura",973,Male,P-1039,2025-08-02,Karnataka,Vijayapura,Station Road PS,Inspector Prakash Udupa
1083,Irfan Adiga,44,"Hassan Town, Hassan",974,Male,P-1040,2025-08-15,Karnataka,Hassan,Pension Mohalla PS,ASI Anand Achar
1084,Santhosh Murthy,32,"Hassan Town, Hassan",974,Male,P-1041,,,,,
1085,Darshan Pinto,30,"Yeshwanthpur, Bengaluru City",976,Male,P-1042,2025-07-24,Karnataka,Bengaluru City,Cubbon Park PS,DySP Deepa Puthran
1086,Harish Gowda,33,"Jorapur Peth, Vijayapura",977,Male,P-0069,2025-07-06,Karnataka,Vijayapura,Gandhi Chowk PS,SI Sunil Shetty
1087,Harish Gowda,33,"Adarsh Nagar, Vijayapura",979,Male,P-0069,2025-08-10,Karnataka,Vijayapura,Jorapur Peth PS,PSI Nagaraj Sharma
1088,Abhishek Nayak,23,"Azad Nagar, Davanagere",980,Male,P-1043,,,,,
1089,Suresh Rao,32,"Azad Nagar, Davanagere",980,Male,P-1044,2025-06-28,Karnataka,Davanagere,Bethur Road PS,DySP Harish DSouza
1090,Vijay Sheikh,45,"Cubbon Park, Bengaluru City",982,Male,P-1045,2025-08-13,Karnataka,Bengaluru City,Jayanagar PS,SI Abdul Biradar
1091,Dinesh Chavan,42,"Cubbon Park, Bengaluru City",982,Male,P-1046,,,,,
1092,Jagadish Angadi,49,"Gandhi Chowk, Vijayapura",983,Male,P-1047,2025-07-23,Karnataka,Vijayapura,Adarsh Nagar PS,ASI Darshan Amin
1093,Anil Acharya,27,"Tumakuru Town, Tumakuru",984,Male,P-1048,,,,,
1094,Harish Udupa,25,"Pension Mohalla, Hassan",985,Male,P-1049,2025-06-24,Karnataka,Hassan,Hassan Town PS,ASI Mustafa Shanbhag
1095,Salman Jadhav,27,"Kuvempunagar, Mysuru",986,Male,P-1050,,,,,
1096,Umesh Kulkarni,49,"Bethur Road, Davanagere",987,Male,P-1051,,,,,
1097,Sudeep Gowda,42,"Devaraja, Mysuru",989,Male,P-1052,2025-07-23,Karnataka,Mysuru,Lashkar PS,ASI Divya Deshpande
1098,Satish Chavan,45,"Whitefield, Bengaluru City",990,Male,P-1053,,,,,
1099,Sandhya Moily,23,"Whitefield, Bengaluru City",990,Female,P-1054,,,,,
1100,Manjunath Devadiga,46,"Indiranagar, Bengaluru City",991,Male,P-1055,2025-08-02,Karnataka,Bengaluru City,Whitefield PS,PSI Santhosh Bangera
1101,Jagadish Bangera,21,"Yeshwanthpur, Bengaluru City",992,Male,P-1056,2025-06-27,Karnataka,Bengaluru City,Koramangala PS,SI Bhavya Kamath
1102,Ambika Naik,23,"Camp, Belagavi",995,Female,P-1057,,,,,
1103,Mustafa Kumar,35,"Koramangala, Bengaluru City",996,Male,P-1058,,,,,
1104,Chetan Puthran,36,"Toranagallu, Ballari",997,Male,P-1059,2025-08-10,Karnataka,Ballari,Bruce Pete PS,SI Nandini Acharya
1105,Chaitra Shinde,28,"Jayanagar, Bengaluru City",998,Female,P-1060,2025-08-15,Karnataka,Bengaluru City,Koramangala PS,PSI Lakshmi Hiremath
1106,Sagar Iyer,22,"Jayanagar, Bengaluru City",998,Male,P-1061,2025-08-02,Karnataka,Bengaluru City,Koramangala PS,Inspector Farhan Sharma
1107,Anand Udupa,46,"Tilakwadi, Belagavi",999,Male,P-1062,2025-06-30,Karnataka,Belagavi,Camp PS,DySP Ravi Naik
1108,Puneeth Joshi,34,"Tilakwadi, Belagavi",999,Male,P-1063,,,,,
1109,Shankar Udupa,37,"Tilakwadi, Belagavi",999,Male,P-1064,2025-07-22,Karnataka,Belagavi,Camp PS,DySP Ravi Naik
1110,Darshan Rao,27,"Tilakwadi, Belagavi",999,Male,P-1065,2025-08-18,Karnataka,Belagavi,Camp PS,PSI Dinesh Sait
1111,Satish Iyer,37,"Barke, Mangaluru",1000,Male,P-1066,,,,,
1112,Navya Rao,47,"Khade Bazar, Belagavi",1001,Female,P-1067,,,,,
1113,Manjunath Moily,47,"Khade Bazar, Belagavi",1001,Male,P-1068,2025-07-07,Karnataka,Belagavi,Camp PS,DySP Ravi Naik
1114,Gopal Fernandes,44,"Vinoba Nagar, Shivamogga",1002,Male,P-0061,2025-06-29,Karnataka,Shivamogga,Kote PS,PSI Rakesh Khan
1115,Manjunath Pai,27,"Bidadi, Ramanagara",1003,Male,P-1069,,,,,
1116,Ganesh Prabhu,43,"Bidadi, Ramanagara",1003,Male,P-1070,,,,,
1117,Ajay Swamy,45,"Kuvempunagar, Mysuru",1004,Male,P-1071,,,,,
1118,Darshan Swamy,22,"Yeshwanthpur, Bengaluru City",1006,Male,P-1072,2025-08-11,Karnataka,Bengaluru City,Koramangala PS,PSI Lakshmi Hiremath
1119,Rashmi Reddy,34,"Yeshwanthpur, Bengaluru City",1006,Female,P-1073,,,,,
1120,Murali Kotian,20,"Yeshwanthpur, Bengaluru City",1006,Male,P-1074,,,,,
1121,Manjunath Salian,37,"Jorapur Peth, Vijayapura",1007,Male,P-1075,,,,,
1122,Venkatesh Kumar,46,"Jorapur Peth, Vijayapura",1007,Male,P-1076,2025-08-15,Karnataka,Vijayapura,Adarsh Nagar PS,SI Ayesha Hiremath
1123,Yash Amin,46,"Yeshwanthpur, Bengaluru City",1008,Male,P-1077,2025-07-02,Karnataka,Bengaluru City,Whitefield PS,PSI Santhosh Bangera
1124,Riyaz Murthy,46,"Yeshwanthpur, Bengaluru City",1008,Male,P-1078,,,,,
1125,Riyaz Poojary,39,"Cowl Bazar, Ballari",1011,Male,P-1079,,,,,
1126,Geetha Murthy,31,"Cowl Bazar, Ballari",1011,Female,P-1080,,,,,
1127,Shivakumar Khan,36,"Cowl Bazar, Ballari",1011,Male,P-1081,,,,,
1128,Abhishek Khan,32,"Koramangala, Bengaluru City",1012,Male,P-1082,,,,,
1129,Syed Naik,34,"Nittuvalli, Davanagere",1013,Male,P-1083,,,,,
1130,Harish Iyer,27,"Nittuvalli, Davanagere",1013,Male,P-1084,,,,,
1131,Darshan Kumar,42,"Yeshwanthpur, Bengaluru City",1014,Male,P-1085,2025-08-18,Karnataka,Bengaluru City,Indiranagar PS,PSI Hanumantha Udupa
1132,Sunil Kattimani,44,"Yeshwanthpur, Bengaluru City",1014,Male,P-1086,,,,,
1133,Arun Kattimani,41,"Doddapete, Shivamogga",1015,Male,P-1087,2025-08-10,Karnataka,Shivamogga,Vinoba Nagar PS,ASI Raghavendra Lobo
1134,Karthik Chavan,42,"Kyathsandra, Tumakuru",1016,Male,P-1088,,,,,
1135,Rakesh Iyengar,35,"Kyathsandra, Tumakuru",1016,Male,P-1089,,,,,
1136,Thomas Pai,25,"Azad Nagar, Davanagere",1017,Male,P-1090,2025-07-01,Karnataka,Davanagere,Bethur Road PS,ASI Gagan Jadhav
1137,Yash Fernandes,20,"Jayanagar, Bengaluru City",1019,Male,P-1091,2025-08-15,Karnataka,Bengaluru City,Indiranagar PS,ASI Syed Shetty
1138,Yash Kulkarni,32,"Gokul Road, Hubballi-Dharwad",1021,Male,P-1092,2025-07-15,Karnataka,Hubballi-Dharwad,Dharwad Town PS,SI Ramesh Acharya
1139,Raghavendra Biradar,41,"Indiranagar, Bengaluru City",1023,Male,P-1093,2025-07-09,Karnataka,Bengaluru City,Whitefield PS,ASI Gowri Kini
1140,Manjunath DSouza,28,"Whitefield, Bengaluru City",1024,Male,P-1094,2025-08-29,Karnataka,Bengaluru City,Indiranagar PS,ASI Syed Shetty
1141,Girish Karanth,24,"Cubbon Park, Bengaluru City",1025,Male,P-0009,2025-07-10,Karnataka,Bengaluru City,Jayanagar PS,ASI Bharath Iyer
1142,Murali Rao,24,"Cubbon Park, Bengaluru City",1025,Male,P-0008,2025-08-06,Karnataka,Bengaluru City,Jayanagar PS,SI Mary Jadhav
1143,Gopal Deshpande,36,"Cubbon Park, Bengaluru City",1025,Male,P-0006,2025-07-14,Karnataka,Bengaluru City,Jayanagar PS,Inspector Umesh Hiremath
1144,Murali Prabhu,37,"Cubbon Park, Bengaluru City",1025,Male,P-0007,,,,,
1145,Satish Adiga,31,"Gokul Road, Hubballi-Dharwad",1031,Male,P-1095,2025-08-22,Karnataka,Hubballi-Dharwad,Dharwad Town PS,SI Arun Sheikh
1146,Sanjay Pawar,28,"Gokul Road, Hubballi-Dharwad",1031,Male,P-1096,,,,,
1147,Jagadish Pasha,25,"Jayanagar, Bengaluru City",1032,Male,P-1097,,,,,
1148,Bharath Fernandes,23,"Jayanagar, Bengaluru City",1032,Male,P-1098,,,,,
1149,Farhan Biradar,49,"Jayanagar, Bengaluru City",1033,Male,P-1099,,,,,
1150,Murali Poojary,38,"Hassan Town, Hassan",1034,Male,P-1100,2025-08-17,Karnataka,Hassan,Salagame Road PS,Inspector Abdul Shetty
1151,Peter Iyer,46,"Yeshwanthpur, Bengaluru City",1035,Male,P-1101,,,,,
1152,Shwetha Suvarna,21,"Yeshwanthpur, Bengaluru City",1035,Female,P-1102,,,,,
1153,Hanumantha Karanth,22,"Yeshwanthpur, Bengaluru City",1035,Male,P-1103,2025-07-19,Karnataka,Bengaluru City,Indiranagar PS,PSI Hanumantha Udupa
1154,Anand Hegde,49,"Whitefield, Bengaluru City",1037,Male,P-1104,2025-07-15,Karnataka,Bengaluru City,Koramangala PS,DySP Suresh Kulkarni
1155,Shivakumar Udupa,42,"Ullal, Mangaluru",1038,Male,P-1105,2025-07-13,Karnataka,Mangaluru,Surathkal PS,PSI Jagadish DSouza
1156,Pallavi Moily,37,"Surathkal, Mangaluru",1039,Female,P-1106,,,,,
1157,Bharath Sheikh,34,"Koramangala, Bengaluru City",1040,Male,P-1107,2025-07-27,Karnataka,Bengaluru City,Cubbon Park PS,PSI Joseph Prabhu
1158,Imran Pasha,26,"Koramangala, Bengaluru City",1040,Male,P-1108,,,,,
1159,Gopal Pawar,25,"Toranagallu, Ballari",1041,Male,P-1109,,,,,
1160,Rajesh Bhat,28,"Vidyanagar, Hubballi-Dharwad",1042,Male,P-1110,2025-07-22,Karnataka,Hubballi-Dharwad,Old Hubballi PS,PSI Rakesh Sheikh
1161,Savitha Angadi,48,"MSK Mill, Kalaburagi",1043,Female,P-1111,2025-08-01,Karnataka,Kalaburagi,Station Bazar PS,Inspector Anil Achar
1162,Bharath Moily,36,"Jayanagar, Bengaluru City",1044,Male,P-1112,2025-07-25,Karnataka,Bengaluru City,Cubbon Park PS,PSI Venkatesh Sharma
1163,Ganesh Swamy,37,"Brahmpur, Kalaburagi",1045,Male,P-1113,,,,,
1164,Karthik Deshpande,42,"Brahmpur, Kalaburagi",1045,Male,P-1114,2025-07-19,Karnataka,Kalaburagi,Chowk PS,Inspector Shankar Salian
1165,Satish Bhat,43,"Yeshwanthpur, Bengaluru City",1047,Male,P-0050,,,,,
1166,Puneeth Karanth,44,"Yeshwanthpur, Bengaluru City",1047,Male,P-1115,2025-08-05,Karnataka,Bengaluru City,Koramangala PS,PSI Lakshmi Hiremath
1167,Madhu Joshi,26,"Tilakwadi, Belagavi",1048,Male,P-1116,,,,,
1168,Charan Bhat,34,"Hassan Town, Hassan",1049,Male,P-1117,2025-07-18,Karnataka,Hassan,Pension Mohalla PS,PSI Bhavya Salian
1169,Shruthi Deshpande,26,"Yeshwanthpur, Bengaluru City",1050,Female,P-1118,,,,,
1170,Manjunath Khan,27,"Tumakuru Town, Tumakuru",1051,Male,P-0060,2025-07-27,Karnataka,Tumakuru,Antharasanahalli PS,PSI Gopal Deshpande
1171,Lakshmi Sharma,45,"Nittuvalli, Davanagere",1053,Female,P-1119,,,,,
1172,Sagar Suvarna,43,"Bethur Road, Davanagere",1054,Male,P-1120,2025-08-06,Karnataka,Davanagere,Azad Nagar PS,PSI Ramesh Sait
1173,Puneeth Iyengar,38,"Kanakapura Road, Ramanagara",1055,Male,P-1121,2025-07-17,Karnataka,Ramanagara,Channapatna PS,Inspector Krishna DSouza
1174,Nithin Pinto,31,"Yeshwanthpur, Bengaluru City",1056,Male,P-1122,2025-08-13,Karnataka,Bengaluru City,Indiranagar PS,SI Nisha Acharya
1175,Vidya Chavan,26,"Yeshwanthpur, Bengaluru City",1056,Female,P-1123,2025-07-21,Karnataka,Bengaluru City,Indiranagar PS,ASI Syed Shetty
1176,Vikram Udupa,41,"Jayanagar, Bengaluru City",1057,Male,P-1124,,,,,
1177,Vinod Kamat,21,"Gokul Road, Hubballi-Dharwad",1061,Male,P-1125,2025-09-13,Karnataka,Hubballi-Dharwad,Dharwad Town PS,PSI Praveen Moily
1178,Arun Moily,32,"Koramangala, Bengaluru City",1062,Male,P-1126,,,,,
1179,Gopal Alva,27,"Koramangala, Bengaluru City",1062,Male,P-1127,2025-09-09,Karnataka,Bengaluru City,Jayanagar PS,SI Ambika Kamat
1180,Rakesh Kulkarni,32,"Koramangala, Bengaluru City",1062,Male,P-1128,2025-09-13,Karnataka,Bengaluru City,Jayanagar PS,SI Mary Jadhav
1181,Spandana Hegde,47,"Koramangala, Bengaluru City",1062,Female,P-1129,2025-08-28,Karnataka,Bengaluru City,Jayanagar PS,SI Mary Jadhav
1182,Murali Rai,43,"Ramanagara Town, Ramanagara",1063,Male,P-1130,2025-09-02,Karnataka,Ramanagara,Channapatna PS,Inspector Krishna DSouza
1183,Gopal Pinto,46,"Ramanagara Town, Ramanagara",1063,Male,P-1131,2025-08-15,Karnataka,Ramanagara,Channapatna PS,Inspector Gagan Amin
1184,Rohan Prabhu,48,"Tilakwadi, Belagavi",1065,Male,P-1132,2025-07-30,Karnataka,Belagavi,Shahapur PS,SI Salman Puthran
1185,Santhosh Adiga,26,"Tilakwadi, Belagavi",1065,Male,P-1133,2025-09-14,Karnataka,Belagavi,Shahapur PS,DySP Bhagya Karanth
1186,Wilson Puthran,33,"Adarsh Nagar, Vijayapura",1066,Male,P-1134,2025-08-25,Karnataka,Vijayapura,Gandhi Chowk PS,PSI Rohan Baig
1187,Chandru Adiga,43,"Whitefield, Bengaluru City",1067,Male,P-1135,,,,,
1188,Abhishek Amin,36,"Pension Mohalla, Hassan",1068,Male,P-0070,2025-07-21,Karnataka,Hassan,Salagame Road PS,PSI Girish Moily
1189,Kiran Udupa,33,"Kanakapura Road, Ramanagara",1069,Male,P-1136,,,,,
1190,Joseph Sait,45,"Station Bazar, Kalaburagi",1070,Male,P-1137,2025-08-30,Karnataka,Kalaburagi,MSK Mill PS,SI Spandana Murthy
1191,Satish Puthran,37,"Station Bazar, Kalaburagi",1070,Male,P-1138,2025-09-07,Karnataka,Kalaburagi,MSK Mill PS,SI Soumya Kotian
1192,Abdul Amin,25,"Khade Bazar, Belagavi",1071,Male,P-1139,2025-07-23,Karnataka,Belagavi,Shahapur PS,PSI Raghavendra Moily
1193,Irfan Puthran,43,"Kuvempunagar, Mysuru",1073,Male,P-1140,2025-07-28,Karnataka,Mysuru,Saraswathipuram PS,PSI Umesh Iyengar
1194,Riyaz Sait,43,"Chowk, Kalaburagi",1074,Male,P-1141,,,,,
1195,Anand Suvarna,43,"MSK Mill, Kalaburagi",1075,Male,P-1142,,,,,
1196,Mohan Kattimani,25,"Station Bazar, Kalaburagi",1079,Male,P-1143,2025-09-01,Karnataka,Kalaburagi,Chowk PS,ASI Charan Swamy
1197,Rajesh Prabhu,21,"Cubbon Park, Bengaluru City",1080,Male,P-1144,,,,,
1198,Charan Sait,43,"Camp, Belagavi",1081,Male,P-1145,2025-09-04,Karnataka,Belagavi,Khade Bazar PS,PSI Charan Poojary
1199,Manjunath Nayak,27,"Kampli Road, Ballari",1082,Male,P-1146,,,,,
1200,Abdul Adiga,44,"Jorapur Peth, Vijayapura",1083,Male,P-1147,,,,,
1201,Sunil Joshi,43,"Jorapur Peth, Vijayapura",1083,Male,P-1148,,,,,
1202,Gopal Baig,32,"Gokul Road, Hubballi-Dharwad",1085,Male,P-0063,,,,,
1203,Nagaraj Fernandes,48,"Brahmpur, Kalaburagi",1088,Male,P-1149,2025-09-09,Karnataka,Kalaburagi,MSK Mill PS,SI Soumya Kotian
1204,Raghavendra Shetty,46,"Jayanagar, Bengaluru City",1089,Male,P-1150,,,,,
1205,Vikram Iyengar,22,"Ullal, Mangaluru",1092,Male,P-1151,2025-07-27,Karnataka,Mangaluru,Kadri PS,SI Umesh Lobo
1206,Srinivas Patil,35,"Ullal, Mangaluru",1092,Male,P-1152,2025-08-04,Karnataka,Mangaluru,Kadri PS,SI Farhan Sharma
1207,Vinod DSouza,27,"Jorapur Peth, Vijayapura",1093,Male,P-0028,,,,,
1208,Manjunath Sait,32,"Jorapur Peth, Vijayapura",1093,Male,P-0026,,,,,
1209,Dinesh Khan,30,"Koramangala, Bengaluru City",1095,Male,P-1153,,,,,
1210,Dinesh Deshpande,37,"Koramangala, Bengaluru City",1095,Male,P-1154,,,,,
1211,Srinivas Bhat,36,"Koramangala, Bengaluru City",1095,Male,P-1155,2025-07-23,Karnataka,Bengaluru City,Jayanagar PS,ASI Bharath Iyer
1212,Sanjay Madiwal,30,"Koramangala, Bengaluru City",1096,Male,P-1156,,,,,
1213,Mahesh Puthran,32,"Koramangala, Bengaluru City",1096,Male,P-1157,,,,,
1214,Rohan Madiwal,33,"Koramangala, Bengaluru City",1096,Male,P-1158,2025-07-26,Karnataka,Bengaluru City,Cubbon Park PS,SI Darshan Madiwal
1215,Gagan Kamath,46,"Jayanagar, Bengaluru City",1097,Male,P-1159,2025-09-13,Karnataka,Bengaluru City,Yeshwanthpur PS,ASI Bharath Bangera
1216,Kiran Biradar,40,"Salagame Road, Hassan",1098,Male,P-1160,,,,,
1217,Uma Joshi,29,"Cubbon Park, Bengaluru City",1099,Female,P-1161,,,,,
1218,Sudeep Pai,35,"Tilakwadi, Belagavi",1100,Male,P-0044,,,,,
1219,Abhishek Iyengar,36,"Vidyanagar, Hubballi-Dharwad",1101,Male,P-1162,,,,,
1220,Satish Swamy,34,"Vidyanagar, Hubballi-Dharwad",1101,Male,P-1163,,,,,
1221,Puneeth Amin,26,"Vidyanagar, Hubballi-Dharwad",1101,Male,P-1164,,,,,
1222,Chetan Nayak,49,"Vidyanagar, Hubballi-Dharwad",1101,Male,P-1165,2025-09-06,Karnataka,Hubballi-Dharwad,Gokul Road PS,SI Charan Kulkarni
1223,Rakesh Bhat,37,"Old Hubballi, Hubballi-Dharwad",1102,Male,P-1166,,,,,
1224,Sanjay Kamath,24,"Old Hubballi, Hubballi-Dharwad",1102,Male,P-1167,,,,,
1225,Manjunath Bangera,38,"Station Bazar, Kalaburagi",1103,Male,P-1168,,,,,
1226,Abhishek Naik,48,"Station Bazar, Kalaburagi",1103,Male,P-1169,,,,,
1227,Riyaz Swamy,22,"Station Bazar, Kalaburagi",1103,Male,P-1170,2025-09-15,Karnataka,Kalaburagi,Brahmpur PS,DySP Jagadish Hiremath
1228,Arun Kamath,38,"Vidyanagar, Hubballi-Dharwad",1104,Male,P-1171,,,,,
1229,Girish Sheikh,22,"Kampli Road, Ballari",1105,Male,P-1172,,,,,
1230,Peter Puthran,31,"Jayanagar, Bengaluru City",1106,Male,P-1173,2025-09-15,Karnataka,Bengaluru City,Indiranagar PS,ASI Syed Shetty
1231,Thomas Kamat,29,"Koramangala, Bengaluru City",1109,Male,P-1174,,,,,
1232,Irfan Kumar,34,"Kampli Road, Ballari",1110,Male,P-1175,,,,,
1233,Ravi Gowda,43,"Kampli Road, Ballari",1111,Male,P-0067,,,,,
1234,Bharath Sequeira,32,"Cubbon Park, Bengaluru City",1113,Male,P-1176,,,,,
1235,Pavan Reddy,32,"Cubbon Park, Bengaluru City",1113,Male,P-1177,,,,,
1236,Yash Moily,21,"Station Road, Vijayapura",1115,Male,P-0025,2025-09-24,Karnataka,Vijayapura,Gandhi Chowk PS,PSI Manjunath Rao
1237,Vinod DSouza,27,"Station Road, Vijayapura",1115,Male,P-0028,2025-09-09,Karnataka,Vijayapura,Gandhi Chowk PS,Inspector Murali Lobo
1238,Manjunath Sait,32,"Station Road, Vijayapura",1115,Male,P-0026,2025-08-13,Karnataka,Vijayapura,Gandhi Chowk PS,PSI Rohan Baig
1239,Shankar Swamy,35,"MSK Mill, Kalaburagi",1116,Male,P-1178,,,,,
1240,Sunil Patil,21,"Gandhi Chowk, Vijayapura",1117,Male,P-1179,2025-08-25,Karnataka,Vijayapura,Station Road PS,DySP Vinod Ballal
1241,Imran Devadiga,49,"Gandhi Chowk, Vijayapura",1117,Male,P-1180,,,,,
1242,Thomas Moily,49,"Bruce Pete, Ballari",1118,Male,P-1181,2025-09-16,Karnataka,Ballari,Toranagallu PS,ASI Raghavendra Deshpande
1243,Venkatesh Iyengar,37,"Whitefield, Bengaluru City",1119,Male,P-1182,,,,,
1244,Parvathi Kumar,25,"Yeshwanthpur, Bengaluru City",1120,Female,P-1183,,,,,
1245,Nithin Naik,27,"Yeshwanthpur, Bengaluru City",1121,Male,P-1184,2025-09-18,Karnataka,Bengaluru City,Jayanagar PS,SI Ambika Kamat
1246,Rajesh Joshi,25,"Indiranagar, Bengaluru City",1125,Male,P-1185,,,,,
1247,Nandini Kattimani,28,"Indiranagar, Bengaluru City",1125,Female,P-1186,,,,,
1248,Karthik Pawar,48,"Kadri, Mangaluru",1126,Male,P-1187,,,,,
1249,Shankar Kotian,48,"Jorapur Peth, Vijayapura",1127,Male,P-1188,,,,,
1250,Satish Bhat,43,"Jayanagar, Bengaluru City",1128,Male,P-0050,,,,,
1251,Peter DSouza,44,"Ramanagara Town, Ramanagara",1131,Male,P-1189,2025-09-01,Karnataka,Ramanagara,Channapatna PS,Inspector Gagan Amin
1252,Abhishek Alva,37,"Gokul Road, Hubballi-Dharwad",1133,Male,P-1190,,,,,
1253,Mahesh Nayak,25,"Gokul Road, Hubballi-Dharwad",1133,Male,P-1191,,,,,
1254,Vijay Jadhav,35,"Gokul Road, Hubballi-Dharwad",1133,Male,P-1192,2025-08-11,Karnataka,Hubballi-Dharwad,Vidyanagar PS,Inspector Chetan Hegde
1255,Shruthi Kumar,44,"Jayanagar, Bengaluru City",1134,Female,P-1193,2025-09-24,Karnataka,Bengaluru City,Yeshwanthpur PS,ASI Bharath Bangera
1256,Gopal Kamath,49,"Cubbon Park, Bengaluru City",1135,Male,P-1194,2025-08-04,Karnataka,Bengaluru City,Koramangala PS,Inspector Farhan Sharma
1257,Sunil Shetty,41,"Jayanagar, Bengaluru City",1137,Male,P-1195,,,,,
1258,Vijay Devadiga,22,"Jayanagar, Bengaluru City",1137,Male,P-1196,2025-09-17,Karnataka,Bengaluru City,Koramangala PS,DySP Suresh Kulkarni
1259,Pavan Suvarna,47,"Salagame Road, Hassan",1138,Male,P-1197,,,,,
1260,Sagar Ballal,40,"Cubbon Park, Bengaluru City",1139,Male,P-1198,,,,,
1261,Anil Kattimani,38,"Kuvempunagar, Mysuru",1141,Male,P-1199,2025-09-25,Karnataka,Mysuru,Lashkar PS,PSI Manjunath Biradar
1262,Jagadish Hiremath,45,"Yeshwanthpur, Bengaluru City",1142,Male,P-1200,2025-09-18,Karnataka,Bengaluru City,Koramangala PS,Inspector Farhan Sharma
1263,Vijay Lobo,46,"Antharasanahalli, Tumakuru",1143,Male,P-1201,,,,,
1264,Farhan Prabhu,36,"Jayanagar, Bengaluru City",1145,Male,P-1202,2025-10-06,Karnataka,Bengaluru City,Koramangala PS,ASI Manjunath Pasha
1265,Venkatesh Karanth,38,"Gandhi Chowk, Vijayapura",1147,Male,P-1203,2025-09-13,Karnataka,Vijayapura,Adarsh Nagar PS,ASI Darshan Amin
1266,Abhishek Kotian,28,"Khade Bazar, Belagavi",1148,Male,P-1204,2025-08-14,Karnataka,Belagavi,Shahapur PS,ASI Siddaraju Pinto
1267,Ravi Joshi,38,"Cubbon Park, Bengaluru City",1149,Male,P-1205,,,,,
1268,Bhavya Kamath,20,"Indiranagar, Bengaluru City",1151,Female,P-1206,2025-09-29,Karnataka,Bengaluru City,Yeshwanthpur PS,ASI Bharath Bangera
1269,Sunil Sait,44,"Indiranagar, Bengaluru City",1151,Male,P-1207,,,,,
1270,Ravi Deshpande,30,"Yeshwanthpur, Bengaluru City",1152,Male,P-1208,2025-08-25,Karnataka,Bengaluru City,Jayanagar PS,Inspector Umesh Hiremath
1271,Mohan Acharya,47,"Yeshwanthpur, Bengaluru City",1152,Male,P-1209,2025-08-26,Karnataka,Bengaluru City,Jayanagar PS,SI Abdul Biradar
1272,Umesh Murthy,49,"Yeshwanthpur, Bengaluru City",1152,Male,P-1210,,,,,
1273,Gopal Khan,28,"Jayanagar, Bengaluru City",1153,Male,P-1211,2025-08-21,Karnataka,Bengaluru City,Cubbon Park PS,DySP Deepa Puthran
1274,Ramya Moily,20,"Jayanagar, Bengaluru City",1153,Female,P-1212,2025-09-25,Karnataka,Bengaluru City,Cubbon Park PS,PSI Venkatesh Sharma
1275,Karthik Puthran,36,"Dharwad Town, Hubballi-Dharwad",1155,Male,P-1213,,,,,
1276,Srinivas Biradar,43,"Hassan Town, Hassan",1156,Male,P-0064,,,,,
1277,Salman Lobo,28,"Hassan Town, Hassan",1156,Male,P-1214,,,,,
1278,Mahesh Kattimani,24,"Chowk, Kalaburagi",1157,Male,P-1215,,,,,
1279,Abhishek DSouza,33,"Whitefield, Bengaluru City",1160,Male,P-1216,2025-09-02,Karnataka,Bengaluru City,Jayanagar PS,DySP Anil Kini
1280,Jagadish Khan,26,"Whitefield, Bengaluru City",1160,Male,P-1217,,,,,
1281,Shivakumar Kotian,48,"Sira Gate, Tumakuru",1161,Male,P-1218,2025-09-29,Karnataka,Tumakuru,Tumakuru Town PS,Inspector Bharath Kamath
1282,Ravi Hiremath,32,"Indiranagar, Bengaluru City",1162,Male,P-1219,,,,,
1283,Gopal Acharya,34,"Doddapete, Shivamogga",1163,Male,P-1220,2025-09-17,Karnataka,Shivamogga,Kote PS,SI Wilson Murthy
1284,Lokesh Pawar,26,"Doddapete, Shivamogga",1163,Male,P-1221,,,,,
1285,Pooja Prabhu,35,"Adarsh Nagar, Vijayapura",1164,Female,P-1222,,,,,
1286,Krishna Madiwal,37,"Whitefield, Bengaluru City",1165,Male,P-1223,2025-09-19,Karnataka,Bengaluru City,Jayanagar PS,Inspector Umesh Hiremath
1287,Chetan Kumar,45,"Whitefield, Bengaluru City",1165,Male,P-1224,2025-08-30,Karnataka,Bengaluru City,Jayanagar PS,SI Mary Jadhav
1288,Siddaraju Pinto,34,"Dharwad Town, Hubballi-Dharwad",1166,Male,P-1225,2025-08-27,Karnataka,Hubballi-Dharwad,Gokul Road PS,PSI Charan Alva
1289,Vinod Naik,32,"Dharwad Town, Hubballi-Dharwad",1166,Male,P-1226,2025-08-17,Karnataka,Hubballi-Dharwad,Gokul Road PS,PSI Charan Alva
1290,Madhu Chavan,21,"Dharwad Town, Hubballi-Dharwad",1166,Male,P-1227,,,,,
1291,Ayesha Ballal,24,"Vinoba Nagar, Shivamogga",1167,Female,P-1228,,,,,
1292,Vinod Angadi,26,"Cubbon Park, Bengaluru City",1170,Male,P-1229,2025-09-10,Karnataka,Bengaluru City,Whitefield PS,DySP Vinod Shetty
1293,Vanitha Murthy,42,"Tilak Nagar, Shivamogga",1172,Female,P-1230,2025-08-13,Karnataka,Shivamogga,Doddapete PS,ASI Shankar Swamy
1294,Sunitha Pinto,21,"Koramangala, Bengaluru City",1175,Female,P-1231,2025-09-27,Karnataka,Bengaluru City,Yeshwanthpur PS,PSI Anand Poojary
1295,Spandana Biradar,42,"Devaraja, Mysuru",1176,Female,P-1232,,,,,
1296,Gopal Khan,30,"Indiranagar, Bengaluru City",1177,Male,P-1233,2025-08-29,Karnataka,Bengaluru City,Yeshwanthpur PS,ASI Bharath Bangera
1297,Lokesh Suvarna,44,"Jayanagar, Bengaluru City",1178,Male,P-1234,2025-10-08,Karnataka,Bengaluru City,Whitefield PS,ASI Gowri Kini
1298,Ravi Lobo,23,"Jayanagar, Bengaluru City",1178,Male,P-1235,,,,,
1299,Sunil Deshpande,39,"Surathkal, Mangaluru",1179,Male,P-1236,,,,,
1300,Praveen Rai,23,"Old Hubballi, Hubballi-Dharwad",1180,Male,P-1237,2025-08-27,Karnataka,Hubballi-Dharwad,Vidyanagar PS,ASI Jagadish Alva
1301,Thomas Chavan,44,"Bethur Road, Davanagere",1181,Male,P-1238,,,,,
1302,Salman Biradar,46,"Bethur Road, Davanagere",1181,Male,P-1239,2025-09-06,Karnataka,Davanagere,Nittuvalli PS,PSI Irfan Ballal
1303,Wilson Chavan,34,"Bethur Road, Davanagere",1181,Male,P-1240,,,,,
1304,Manjunath Kamath,30,"Saraswathipuram, Mysuru",1183,Male,P-1241,2025-08-16,Karnataka,Mysuru,Lashkar PS,ASI Sanjay Deshpande
1305,Naveen Moily,32,"Surathkal, Mangaluru",1184,Male,P-1242,2025-09-14,Karnataka,Mangaluru,Ullal PS,PSI Shankar Poojary
1306,Girish Udupa,29,"Surathkal, Mangaluru",1184,Male,P-1243,,,,,
1307,Rajesh Kini,42,"Koramangala, Bengaluru City",1185,Male,P-1244,,,,,
1308,Hema Acharya,47,"Koramangala, Bengaluru City",1185,Female,P-1245,2025-08-29,Karnataka,Bengaluru City,Jayanagar PS,SI Ambika Kamat
1309,Mustafa Pinto,30,"Barke, Mangaluru",1186,Male,P-1246,2025-08-21,Karnataka,Mangaluru,Ullal PS,ASI Krishna Kattimani
1310,Darshan Reddy,31,"Whitefield, Bengaluru City",1187,Male,P-1247,,,,,
1311,Girish Hegde,33,"Chowk, Kalaburagi",1188,Male,P-1248,,,,,
1312,Farhan Bhat,32,"Lashkar, Mysuru",1189,Male,P-1249,2025-09-22,Karnataka,Mysuru,Kuvempunagar PS,ASI Sanjay Pawar
1313,Fathima Madiwal,22,"Devaraja, Mysuru",1191,Female,P-1250,2025-09-29,Karnataka,Mysuru,Kuvempunagar PS,ASI Sanjay Pawar
1314,Vijay Shanbhag,47,"Chowk, Kalaburagi",1193,Male,P-1251,,,,,
1315,Wilson Amin,43,"Old Hubballi, Hubballi-Dharwad",1194,Male,P-1252,2025-10-02,Karnataka,Hubballi-Dharwad,Gokul Road PS,DySP Sunil Iyer
1316,Raghavendra Nayak,32,"Kuvempunagar, Mysuru",1195,Male,P-1253,2025-08-25,Karnataka,Mysuru,Devaraja PS,Inspector Madhu Devadiga
1317,Chetan Acharya,46,"Kuvempunagar, Mysuru",1195,Male,P-1254,,,,,
1318,Mahesh Madiwal,28,"Jayanagar, Bengaluru City",1196,Male,P-1255,2025-09-05,Karnataka,Bengaluru City,Cubbon Park PS,SI Shivakumar Pinto
1319,Riyaz Lobo,30,"Whitefield, Bengaluru City",1197,Male,P-1256,,,,,
1320,Imran Kotian,26,"Whitefield, Bengaluru City",1197,Male,P-1257,2025-10-09,Karnataka,Bengaluru City,Indiranagar PS,PSI Vikram Sharma
1321,Lokesh Devadiga,31,"Lashkar, Mysuru",1198,Male,P-1258,,,,,
1322,Krishna Jadhav,43,"Camp, Belagavi",1200,Male,P-1259,2025-09-10,Karnataka,Belagavi,Khade Bazar PS,DySP Ganesh Shinde
1323,Nagaraj Kini,36,"Camp, Belagavi",1200,Male,P-1260,2025-10-02,Karnataka,Belagavi,Khade Bazar PS,PSI Charan Poojary
1324,Wilson Joshi,37,"Camp, Belagavi",1200,Male,P-1261,2025-09-14,Karnataka,Belagavi,Khade Bazar PS,PSI Charan Poojary
1325,Shankar Chavan,37,"Camp, Belagavi",1200,Male,P-1262,2025-08-26,Karnataka,Belagavi,Khade Bazar PS,ASI Raghavendra Pinto
1326,Sagar Kini,41,"Nittuvalli, Davanagere",1201,Male,P-1263,,,,,
1327,Kiran DSouza,43,"Kadri, Mangaluru",1202,Male,P-1264,2025-09-26,Karnataka,Mangaluru,Panambur PS,DySP Anand Pinto
1328,Pavan Pai,33,"Yeshwanthpur, Bengaluru City",1204,Male,P-1265,2025-10-05,Karnataka,Bengaluru City,Whitefield PS,PSI Santhosh Bangera
1329,Madhu Kamath,31,"Yeshwanthpur, Bengaluru City",1204,Male,P-1266,2025-09-07,Karnataka,Bengaluru City,Whitefield PS,DySP Vinod Shetty
1330,Farhan Sait,22,"Yeshwanthpur, Bengaluru City",1204,Male,P-1267,,,,,
1331,Rajesh Sequeira,37,"Khade Bazar, Belagavi",1205,Male,P-1268,,,,,
1332,Srinivas Amin,27,"Khade Bazar, Belagavi",1205,Male,P-1269,2025-09-16,Karnataka,Belagavi,Shahapur PS,PSI Raghavendra Moily
1333,Naveen Prabhu,38,"Hassan Town, Hassan",1206,Male,P-1270,,,,,
1334,Parvathi Achar,32,"Hassan Town, Hassan",1206,Female,P-1271,,,,,
1335,Rashmi Kulkarni,43,"Panambur, Mangaluru",1207,Female,P-1272,,,,,
1336,Vikram Poojary,28,"Whitefield, Bengaluru City",1209,Male,P-1273,,,,,
1337,Siddaraju Achar,30,"Whitefield, Bengaluru City",1209,Male,P-1274,,,,,
1338,Wilson Iyengar,46,"Azad Nagar, Davanagere",1211,Male,P-1275,2025-09-25,Karnataka,Davanagere,Bethur Road PS,SI Harish Kumar
1339,Sudeep Pai,35,"Shahapur, Belagavi",1212,Male,P-0044,2025-09-17,Karnataka,Belagavi,Camp PS,Inspector Santhosh Suvarna
1340,Anand Pasha,32,"Azad Nagar, Davanagere",1213,Male,P-1276,,,,,
1341,Syed Moily,21,"Pension Mohalla, Hassan",1214,Male,P-1277,2025-09-06,Karnataka,Hassan,Salagame Road PS,PSI Girish Moily
1342,Gopal Bangera,27,"Jayanagar, Bengaluru City",1215,Male,P-1278,,,,,
1343,Raghavendra Khan,34,"Bruce Pete, Ballari",1217,Male,P-1279,,,,,
1344,Sanjay Naik,49,"Kuvempunagar, Mysuru",1219,Male,P-1280,2025-08-27,Karnataka,Mysuru,Lashkar PS,PSI Farhan Sheikh
1345,Suresh Alva,41,"Kuvempunagar, Mysuru",1219,Male,P-1281,,,,,
1346,Sanjay Iyengar,34,"Koramangala, Bengaluru City",1220,Male,P-1282,2025-10-08,Karnataka,Bengaluru City,Yeshwanthpur PS,ASI Manjunath Kulkarni
1347,Hema Nayak,29,"Whitefield, Bengaluru City",1221,Female,P-1283,2025-10-22,Karnataka,Bengaluru City,Yeshwanthpur PS,PSI Anand Poojary
1348,Imran Sheikh,39,"Indiranagar, Bengaluru City",1222,Male,P-1284,,,,,
1349,Basavaraj Kumar,35,"Indiranagar, Bengaluru City",1222,Male,P-1285,,,,,
1350,Chetan Madiwal,37,"Indiranagar, Bengaluru City",1222,Male,P-1286,,,,,
1351,Puneeth Alva,35,"Udupi Town, Udupi",1224,Male,P-1287,2025-09-08,Karnataka,Udupi,Malpe PS,SI Lokesh Acharya
1352,Geetha Suvarna,25,"Whitefield, Bengaluru City",1225,Female,P-1288,,,,,
1353,Salman Pasha,42,"Whitefield, Bengaluru City",1225,Male,P-1289,,,,,
1354,Murali Kotian,25,"Udupi Town, Udupi",1227,Male,P-0055,2025-09-24,Karnataka,Udupi,Kaup PS,PSI Anil Naik
1355,Girish Patil,34,"MSK Mill, Kalaburagi",1228,Male,P-1290,2025-09-15,Karnataka,Kalaburagi,Station Bazar PS,PSI Vanitha Puthran
1356,Wilson Alva,24,"MSK Mill, Kalaburagi",1228,Male,P-1291,2025-09-19,Karnataka,Kalaburagi,Station Bazar PS,Inspector Anil Achar
1357,Irfan Nayak,43,"Saraswathipuram, Mysuru",1230,Male,P-1292,,,,,
1358,Siddaraju Nayak,25,"Chowk, Kalaburagi",1233,Male,P-1293,2025-09-23,Karnataka,Kalaburagi,Station Bazar PS,ASI Rekha DSouza
1359,Santhosh DSouza,27,"Chowk, Kalaburagi",1233,Male,P-1294,2025-09-12,Karnataka,Kalaburagi,Station Bazar PS,PSI Joseph Udupa
1360,Chetan Shanbhag,21,"Gandhi Chowk, Vijayapura",1234,Male,P-1295,2025-10-27,Karnataka,Vijayapura,Station Road PS,Inspector Prakash Udupa
1361,Wilson Kattimani,39,"Gandhi Chowk, Vijayapura",1234,Male,P-1296,2025-09-22,Karnataka,Vijayapura,Station Road PS,Inspector Santhosh Devadiga
1362,Chetan Reddy,27,"Channapatna, Ramanagara",1235,Male,P-1297,2025-10-27,Karnataka,Ramanagara,Bidadi PS,Inspector Ravi Kotian
1363,Rajesh Biradar,28,"Kuvempunagar, Mysuru",1236,Male,P-0010,,,,,
1364,Anil Devadiga,36,"Kuvempunagar, Mysuru",1236,Male,P-0014,2025-10-11,Karnataka,Mysuru,Saraswathipuram PS,ASI Nithin Prabhu
1365,Krishna Lobo,26,"Kuvempunagar, Mysuru",1236,Male,P-0012,2025-09-24,Karnataka,Mysuru,Saraswathipuram PS,PSI Umesh Iyengar
1366,Thomas Naik,26,"Koramangala, Bengaluru City",1237,Male,P-1298,2025-09-20,Karnataka,Bengaluru City,Yeshwanthpur PS,ASI Bharath Bangera
1367,Nagaraj Hegde,44,"Koramangala, Bengaluru City",1237,Male,P-1299,,,,,
1368,Vijay Kotian,32,"Camp, Belagavi",1238,Male,P-1300,,,,,
1369,Mohan Deshpande,37,"Camp, Belagavi",1238,Male,P-1301,2025-09-15,Karnataka,Belagavi,Khade Bazar PS,Inspector Shivakumar Joshi
1370,Pavan Joshi,27,"Nittuvalli, Davanagere",1239,Male,P-1302,,,,,
1371,Suresh Murthy,31,"Nittuvalli, Davanagere",1239,Male,P-1303,2025-09-16,Karnataka,Davanagere,Bethur Road PS,Inspector Sanjay Pinto
1372,Lakshmi Poojary,38,"Indiranagar, Bengaluru City",1240,Female,P-1304,,,,,
1373,Sunitha Deshpande,37,"Indiranagar, Bengaluru City",1240,Female,P-1305,2025-10-15,Karnataka,Bengaluru City,Yeshwanthpur PS,ASI Manjunath Kulkarni
1374,Thomas Biradar,32,"Jayanagar, Bengaluru City",1241,Male,P-1306,2025-10-03,Karnataka,Bengaluru City,Cubbon Park PS,PSI Venkatesh Sharma
1375,Peter Iyer,25,"Cowl Bazar, Ballari",1242,Male,P-1307,,,,,
1376,Nithin Patil,46,"Bethur Road, Davanagere",1243,Male,P-1308,2025-10-13,Karnataka,Davanagere,Nittuvalli PS,PSI Abdul Bangera
1377,Bharath Udupa,23,"Bethur Road, Davanagere",1243,Male,P-1309,,,,,
1378,Shivakumar Fernandes,22,"Bethur Road, Davanagere",1243,Male,P-1310,2025-10-14,Karnataka,Davanagere,Nittuvalli PS,ASI Abdul Karanth
1379,Lokesh Sheikh,49,"Doddapete, Shivamogga",1244,Male,P-1311,2025-09-20,Karnataka,Shivamogga,Vinoba Nagar PS,SI Ravi Rao
1380,Kiran Achar,35,"Surathkal, Mangaluru",1245,Male,P-1312,2025-09-08,Karnataka,Mangaluru,Barke PS,DySP Basavaraj Naik
1381,Ajay Khan,29,"Ullal, Mangaluru",1246,Male,P-1313,2025-10-21,Karnataka,Mangaluru,Surathkal PS,SI Madhu Devadiga
1382,Murali Murthy,30,"Kaup, Udupi",1247,Male,P-1314,,,,,
1383,Murali Khan,21,"Tilak Nagar, Shivamogga",1249,Male,P-1315,2025-09-19,Karnataka,Shivamogga,Vinoba Nagar PS,ASI Sagar Kamath
1384,Anand Sait,31,"Surathkal, Mangaluru",1251,Male,P-0019,,,,,
1385,Harish Sait,33,"Surathkal, Mangaluru",1251,Male,P-0018,2025-09-25,Karnataka,Mangaluru,Panambur PS,SI Shankar Acharya
1386,Sudeep Bangera,23,"Surathkal, Mangaluru",1251,Male,P-0017,,,,,
1387,Hanumantha Pinto,38,"Surathkal, Mangaluru",1251,Male,P-0016,,,,,
1388,Sunitha Kumar,49,"Tilakwadi, Belagavi",1252,Female,P-1316,,,,,
1389,Prakash Acharya,30,"Tilakwadi, Belagavi",1252,Male,P-1317,2025-09-27,Karnataka,Belagavi,Shahapur PS,SI Salman Puthran
1390,Darshan Amin,36,"Indiranagar, Bengaluru City",1253,Male,P-1318,2025-09-27,Karnataka,Bengaluru City,Cubbon Park PS,SI Shivakumar Pinto
1391,Chandru Sheikh,45,"Indiranagar, Bengaluru City",1253,Male,P-1319,,,,,
1392,Salman Bhat,42,"Indiranagar, Bengaluru City",1253,Male,P-1320,2025-09-28,Karnataka,Bengaluru City,Cubbon Park PS,PSI Nagaraj Murthy
1393,Rajesh Madiwal,43,"Indiranagar, Bengaluru City",1253,Male,P-1321,2025-10-14,Karnataka,Bengaluru City,Cubbon Park PS,DySP Deepa Puthran
1394,Basavaraj DSouza,41,"Kote, Shivamogga",1254,Male,P-1322,2025-10-08,Karnataka,Shivamogga,Vinoba Nagar PS,PSI Ramesh Pinto
1395,Savitha DSouza,20,"Whitefield, Bengaluru City",1255,Female,P-1323,,,,,
1396,Mustafa Karanth,31,"Whitefield, Bengaluru City",1255,Male,P-1324,2025-11-02,Karnataka,Bengaluru City,Cubbon Park PS,DySP Deepa Puthran
1397,Umesh Amin,45,"Tilak Nagar, Shivamogga",1257,Male,P-1325,,,,,
1398,Santhosh Pinto,47,"Koramangala, Bengaluru City",1258,Male,P-1326,,,,,
1399,Sagar Poojary,30,"Tilakwadi, Belagavi",1260,Male,P-1327,,,,,
1400,Arun Baig,26,"Yeshwanthpur, Bengaluru City",1261,Male,P-1328,2025-10-08,Karnataka,Bengaluru City,Cubbon Park PS,DySP Deepa Puthran
1401,Anand Kamat,20,"Yeshwanthpur, Bengaluru City",1262,Male,P-1329,2025-09-08,Karnataka,Bengaluru City,Whitefield PS,DySP Vinod Shetty
1402,Murali Pawar,20,"Salagame Road, Hassan",1263,Male,P-1330,2025-11-06,Karnataka,Hassan,Pension Mohalla PS,PSI Bhavya Salian
1403,Nagaraj Suvarna,25,"Kaup, Udupi",1265,Male,P-0071,2025-10-17,Karnataka,Udupi,Malpe PS,SI Ravi Karanth
1404,Murali Hegde,43,"Station Bazar, Kalaburagi",1266,Male,P-1331,,,,,
1405,Hanumantha Pawar,45,"Whitefield, Bengaluru City",1267,Male,P-1332,2025-09-29,Karnataka,Bengaluru City,Indiranagar PS,PSI Pavan Pai
1406,Basavaraj Kamat,49,"Station Bazar, Kalaburagi",1268,Male,P-1333,,,,,
1407,Anil Ballal,28,"Ramanagara Town, Ramanagara",1269,Male,P-1334,2025-10-05,Karnataka,Ramanagara,Bidadi PS,SI Wilson Prabhu
1408,Farhan DSouza,28,"Old Hubballi, Hubballi-Dharwad",1271,Male,P-1335,2025-10-31,Karnataka,Hubballi-Dharwad,Dharwad Town PS,SI Radha Jadhav
1409,Vijay Murthy,26,"Old Hubballi, Hubballi-Dharwad",1271,Male,P-1336,2025-10-30,Karnataka,Hubballi-Dharwad,Dharwad Town PS,PSI Praveen Moily
1410,Krishna Madiwal,25,"Dharwad Town, Hubballi-Dharwad",1272,Male,P-1337,2025-10-29,Karnataka,Hubballi-Dharwad,Old Hubballi PS,ASI Asha Bangera
1411,Ravi Kumar,32,"Barke, Mangaluru",1273,Male,P-1338,2025-09-16,Karnataka,Mangaluru,Kadri PS,DySP Seetha Salian
1412,Bharath Murthy,20,"Barke, Mangaluru",1273,Male,P-1339,,,,,
1413,Rajesh Prabhu,24,"Kuvempunagar, Mysuru",1274,Male,P-1340,,,,,
1414,Naveen Jadhav,34,"Indiranagar, Bengaluru City",1275,Male,P-1341,2025-11-01,Karnataka,Bengaluru City,Cubbon Park PS,SI Shivakumar Pinto
1415,Basavaraj Kotian,44,"Ullal, Mangaluru",1276,Male,P-1342,,,,,
1416,Karthik Lobo,45,"Lashkar, Mysuru",1278,Male,P-1343,2025-11-09,Karnataka,Mysuru,Saraswathipuram PS,ASI Rohan Pawar
1417,Anand Iyengar,44,"Lashkar, Mysuru",1278,Male,P-1344,2025-09-24,Karnataka,Mysuru,Saraswathipuram PS,ASI Nithin Prabhu
1418,Darshan Chavan,26,"Brahmpur, Kalaburagi",1280,Male,P-1345,2025-09-30,Karnataka,Kalaburagi,Station Bazar PS,Inspector Anil Achar
1419,Abhishek Amin,36,"Hassan Town, Hassan",1281,Male,P-0070,,,,,
1420,Madhu Ballal,34,"Saraswathipuram, Mysuru",1282,Male,P-1346,2025-09-30,Karnataka,Mysuru,Kuvempunagar PS,PSI Puneeth Patil
1421,Nandini Sheikh,40,"Nittuvalli, Davanagere",1283,Female,P-1347,2025-10-09,Karnataka,Davanagere,Bethur Road PS,DySP Harish DSouza
1422,Shivakumar Jadhav,20,"Nittuvalli, Davanagere",1285,Male,P-1348,2025-09-23,Karnataka,Davanagere,Bethur Road PS,SI Harish Kumar
1423,Yashoda DSouza,37,"Kaup, Udupi",1286,Female,P-1349,2025-10-08,Karnataka,Udupi,Manipal PS,PSI Manjunath Pasha
1424,Sandhya Patil,41,"Bruce Pete, Ballari",1287,Female,P-1350,,,,,
1425,Rohan Chavan,49,"Indiranagar, Bengaluru City",1289,Male,P-1351,2025-10-25,Karnataka,Bengaluru City,Koramangala PS,DySP Suresh Kulkarni
1426,Imran Pai,40,"Shahapur, Belagavi",1290,Male,P-1352,2025-11-05,Karnataka,Belagavi,Camp PS,Inspector Santhosh Suvarna
1427,Thomas Prabhu,20,"Bethur Road, Davanagere",1292,Male,P-1353,,,,,
1428,Dinesh Pai,33,"Bethur Road, Davanagere",1292,Male,P-1354,,,,,
1429,Ajay Alva,49,"Jayanagar, Bengaluru City",1293,Male,P-1355,,,,,
1430,Lokesh Pinto,31,"Antharasanahalli, Tumakuru",1294,Male,P-1356,,,,,
1431,Rohan Iyer,20,"Station Bazar, Kalaburagi",1295,Male,P-1357,2025-10-04,Karnataka,Kalaburagi,Chowk PS,ASI Charan Swamy
1432,Krishna Lobo,26,"Devaraja, Mysuru",1296,Male,P-0012,2025-10-06,Karnataka,Mysuru,Kuvempunagar PS,PSI Abhishek Devadiga
1433,Abhishek Fernandes,33,"Devaraja, Mysuru",1296,Male,P-0013,2025-10-17,Karnataka,Mysuru,Kuvempunagar PS,SI Rekha DSouza
1434,Anil Devadiga,36,"Devaraja, Mysuru",1296,Male,P-0014,,,,,
1435,Krishna Pinto,49,"Whitefield, Bengaluru City",1297,Male,P-1358,,,,,
1436,Harish Pai,31,"Whitefield, Bengaluru City",1297,Male,P-1359,2025-10-24,Karnataka,Bengaluru City,Yeshwanthpur PS,ASI Manjunath Kulkarni
1437,Shankar Kumar,30,"Nittuvalli, Davanagere",1298,Male,P-1360,2025-11-09,Karnataka,Davanagere,Bethur Road PS,Inspector Sanjay Pinto
1438,Ambika Hiremath,34,"Nittuvalli, Davanagere",1298,Female,P-1361,2025-11-10,Karnataka,Davanagere,Bethur Road PS,SI Harish Kumar
1439,Kiran Sheikh,39,"Pension Mohalla, Hassan",1299,Male,P-1362,,,,,
1440,Ambika Adiga,22,"Surathkal, Mangaluru",1301,Female,P-1363,2025-10-29,Karnataka,Mangaluru,Panambur PS,SI Pallavi Joshi
1441,Madhu Angadi,36,"Tilakwadi, Belagavi",1302,Male,P-1364,,,,,
1442,Nithin Lobo,42,"Kanakapura Road, Ramanagara",1303,Male,P-1365,,,,,
1443,Sunil Iyer,32,"Koramangala, Bengaluru City",1305,Male,P-1366,2025-10-27,Karnataka,Bengaluru City,Cubbon Park PS,PSI Joseph Prabhu
1444,Satish Kulkarni,29,"MSK Mill, Kalaburagi",1307,Male,P-1367,2025-10-10,Karnataka,Kalaburagi,Station Bazar PS,PSI Vanitha Puthran
1445,Praveen Rao,34,"Whitefield, Bengaluru City",1308,Male,P-1368,,,,,
1446,Ajay Joshi,39,"Gandhi Chowk, Vijayapura",1309,Male,P-1369,2025-09-28,Karnataka,Vijayapura,Station Road PS,Inspector Nagaraj Ballal
1447,Mohan Shetty,35,"Gandhi Chowk, Vijayapura",1309,Male,P-1370,,,,,
1448,Anil Hiremath,28,"Jayanagar, Bengaluru City",1310,Male,P-0039,,,,,
1449,Gopal Baig,32,"Vidyanagar, Hubballi-Dharwad",1311,Male,P-0063,2025-11-16,Karnataka,Hubballi-Dharwad,Old Hubballi PS,ASI Asha Bangera
1450,Vikram Shinde,28,"Channapatna, Ramanagara",1312,Male,P-1371,2025-10-31,Karnataka,Ramanagara,Kanakapura Road PS,SI Krishna Achar
1451,Sagar Achar,31,"Surathkal, Mangaluru",1313,Male,P-1372,,,,,
1452,Harish Angadi,48,"Surathkal, Mangaluru",1313,Male,P-1373,,,,,
1453,Satish Kumar,45,"Surathkal, Mangaluru",1313,Male,P-1374,,,,,
1454,Dinesh Achar,36,"Jayanagar, Bengaluru City",1314,Male,P-1375,2025-10-30,Karnataka,Bengaluru City,Yeshwanthpur PS,ASI Lokesh Fernandes
1455,Peter DSouza,33,"Jayanagar, Bengaluru City",1315,Male,P-1376,,,,,
1456,Gopal Bhat,33,"Yeshwanthpur, Bengaluru City",1317,Male,P-1377,,,,,
1457,Siddaraju Devadiga,42,"Yeshwanthpur, Bengaluru City",1317,Male,P-1378,,,,,
1458,Nagaraj Angadi,29,"Yeshwanthpur, Bengaluru City",1317,Male,P-1379,2025-11-09,Karnataka,Bengaluru City,Cubbon Park PS,SI Shivakumar Pinto
1459,Abdul Bhat,45,"Jayanagar, Bengaluru City",1318,Male,P-1380,2025-10-29,Karnataka,Bengaluru City,Whitefield PS,SI Ajay Patil
1460,Bharath Bangera,49,"Cowl Bazar, Ballari",1321,Male,P-1381,2025-11-01,Karnataka,Ballari,Kampli Road PS,PSI Siddaraju Shinde
1461,Sudeep Alva,26,"Brahmpur, Kalaburagi",1323,Male,P-1382,,,,,
1462,Umesh Baig,46,"Cubbon Park, Bengaluru City",1324,Male,P-1383,,,,,
1463,Vanitha Nayak,43,"Jayanagar, Bengaluru City",1326,Female,P-1384,2025-11-01,Karnataka,Bengaluru City,Cubbon Park PS,PSI Venkatesh Sharma
1464,Navya Pinto,30,"Old Hubballi, Hubballi-Dharwad",1327,Female,P-1385,2025-11-10,Karnataka,Hubballi-Dharwad,Dharwad Town PS,PSI Praveen Moily
1465,Soumya Devadiga,47,"Koramangala, Bengaluru City",1328,Female,P-1386,,,,,
1466,Santhosh Pinto,49,"Koramangala, Bengaluru City",1328,Male,P-1387,2025-11-17,Karnataka,Bengaluru City,Indiranagar PS,ASI Syed Shetty
1467,Shruthi Acharya,21,"Yeshwanthpur, Bengaluru City",1329,Female,P-1388,,,,,
1468,Manjunath Rai,30,"Shahapur, Belagavi",1330,Male,P-1389,2025-11-08,Karnataka,Belagavi,Camp PS,Inspector Santhosh Suvarna
1469,Jagadish Reddy,41,"Shahapur, Belagavi",1330,Male,P-1390,2025-11-11,Karnataka,Belagavi,Camp PS,PSI Dinesh Sait
1470,Yash Prabhu,38,"Tilakwadi, Belagavi",1331,Male,P-1391,,,,,
1471,Raghavendra Jadhav,44,"Tilakwadi, Belagavi",1331,Male,P-1392,,,,,
1472,Madhu Udupa,38,"Tilakwadi, Belagavi",1331,Male,P-1393,2025-10-28,Karnataka,Belagavi,Camp PS,PSI Arun Suvarna
1473,Peter Hiremath,42,"Tilakwadi, Belagavi",1331,Male,P-1394,2025-11-20,Karnataka,Belagavi,Camp PS,PSI Dinesh Sait
1474,Chandru Kotian,22,"Cubbon Park, Bengaluru City",1332,Male,P-1395,,,,,
1475,Asha Poojary,24,"Cubbon Park, Bengaluru City",1332,Female,P-1396,,,,,
1476,Pallavi Achar,34,"Gandhi Chowk, Vijayapura",1333,Female,P-1397,2025-11-25,Karnataka,Vijayapura,Station Road PS,Inspector Nagaraj Ballal
1477,Praveen Kamath,34,"Tilak Nagar, Shivamogga",1335,Male,P-1398,2025-10-24,Karnataka,Shivamogga,Vinoba Nagar PS,ASI Irfan Joshi
1478,Sandhya Joshi,26,"Doddapete, Shivamogga",1336,Female,P-1399,2025-11-18,Karnataka,Shivamogga,Vinoba Nagar PS,SI Ravi Rao
1479,Karthik Khan,41,"Doddapete, Shivamogga",1336,Male,P-1400,,,,,
1480,Hanumantha Baig,37,"Vinoba Nagar, Shivamogga",1337,Male,P-1401,2025-11-28,Karnataka,Shivamogga,Tilak Nagar PS,SI Raghavendra DSouza
1481,Sunil Bangera,36,"Vinoba Nagar, Shivamogga",1337,Male,P-1402,2025-11-12,Karnataka,Shivamogga,Tilak Nagar PS,Inspector Farhan Pinto
1482,Naveen Kattimani,20,"Vinoba Nagar, Shivamogga",1337,Male,P-1403,2025-11-20,Karnataka,Shivamogga,Tilak Nagar PS,ASI Peter Udupa
1483,Chetan Karanth,48,"Whitefield, Bengaluru City",1338,Male,P-1404,2025-10-17,Karnataka,Bengaluru City,Jayanagar PS,SI Ambika Kamat
1484,Rakesh Poojary,40,"Whitefield, Bengaluru City",1338,Male,P-1405,2025-10-03,Karnataka,Bengaluru City,Jayanagar PS,DySP Anil Kini
1485,Wilson Khan,28,"Indiranagar, Bengaluru City",1339,Male,P-1406,2025-10-31,Karnataka,Bengaluru City,Cubbon Park PS,SI Shivakumar Pinto
1486,Girish Iyengar,26,"Malpe, Udupi",1340,Male,P-1407,,,,,
1487,Venkatesh Kamat,44,"Malpe, Udupi",1340,Male,P-1408,,,,,
1488,Darshan Pasha,48,"Indiranagar, Bengaluru City",1341,Male,P-1409,,,,,
1489,Lokesh Ballal,45,"Whitefield, Bengaluru City",1342,Male,P-1410,2025-11-28,Karnataka,Bengaluru City,Jayanagar PS,Inspector Umesh Hiremath
1490,Hema Devadiga,34,"Whitefield, Bengaluru City",1343,Female,P-1411,,,,,
1491,Krishna Pai,48,"Kanakapura Road, Ramanagara",1344,Male,P-0072,2025-11-20,Karnataka,Ramanagara,Ramanagara Town PS,ASI Chetan Jadhav
1492,Sunil Salian,28,"Sira Gate, Tumakuru",1345,Male,P-1412,2025-11-13,Karnataka,Tumakuru,Tumakuru Town PS,ASI Joseph Iyengar
1493,Ganesh Deshpande,26,"Dharwad Town, Hubballi-Dharwad",1347,Male,P-1413,,,,,
1494,Uma Adiga,39,"Yeshwanthpur, Bengaluru City",1349,Female,P-1414,,,,,
1495,Gagan Bangera,26,"Yeshwanthpur, Bengaluru City",1349,Male,P-1415,,,,,
1496,Harish Bangera,44,"Whitefield, Bengaluru City",1350,Male,P-1416,,,,,
1497,Charan Sharma,44,"Ullal, Mangaluru",1351,Male,P-1417,2025-11-14,Karnataka,Mangaluru,Panambur PS,ASI Sagar Swamy
1498,Jagadish Fernandes,20,"Tumakuru Town, Tumakuru",1352,Male,P-1418,,,,,
1499,Anil Iyengar,29,"Tumakuru Town, Tumakuru",1352,Male,P-1419,2025-11-09,Karnataka,Tumakuru,Kyathsandra PS,PSI Sudeep Madiwal
1500,Imran Rao,29,"Tumakuru Town, Tumakuru",1352,Male,P-1420,,,,,
1501,Parvathi Sharma,34,"Tumakuru Town, Tumakuru",1352,Female,P-1421,2025-11-23,Karnataka,Tumakuru,Kyathsandra PS,SI Prakash Kulkarni
1502,Mustafa Iyer,23,"Kampli Road, Ballari",1353,Male,P-1422,2025-11-10,Karnataka,Ballari,Toranagallu PS,PSI Basavaraj Chavan
1503,Madhu Adiga,39,"Kaup, Udupi",1354,Male,P-1423,2025-11-22,Karnataka,Udupi,Malpe PS,ASI Wilson Swamy
1504,Srinivas Biradar,43,"Salagame Road, Hassan",1355,Male,P-0064,2025-10-19,Karnataka,Hassan,Pension Mohalla PS,PSI Bhavya Salian
1505,Praveen Pinto,22,"Jorapur Peth, Vijayapura",1360,Male,P-1424,,,,,
1506,Gagan Rao,42,"Jorapur Peth, Vijayapura",1360,Male,P-1425,,,,,
1507,Siddaraju Pinto,47,"KTJ Nagar, Davanagere",1361,Male,P-1426,,,,,
1508,Girish Rai,29,"Khade Bazar, Belagavi",1362,Male,P-0030,2025-11-28,Karnataka,Belagavi,Shahapur PS,ASI Siddaraju Pinto
1509,Deepa Deshpande,26,"Khade Bazar, Belagavi",1362,Female,P-0032,,,,,
1510,Rajesh Khan,23,"Khade Bazar, Belagavi",1362,Male,P-0029,2025-10-06,Karnataka,Belagavi,Shahapur PS,DySP Bhagya Karanth
1511,Uma Shetty,38,"Khade Bazar, Belagavi",1362,Female,P-0031,2025-11-05,Karnataka,Belagavi,Shahapur PS,DySP Bhagya Karanth
1512,Darshan Pasha,36,"Indiranagar, Bengaluru City",1363,Male,P-1427,,,,,
1513,Anil Acharya,20,"Whitefield, Bengaluru City",1364,Male,P-1428,,,,,
1514,Gopal Achar,41,"Cubbon Park, Bengaluru City",1366,Male,P-1429,,,,,
1515,Anand Sait,31,"Udupi Town, Udupi",1367,Male,P-0019,2025-11-21,Karnataka,Udupi,Malpe PS,ASI Chandru Fernandes
1516,Hanumantha Pinto,38,"Udupi Town, Udupi",1367,Male,P-0016,,,,,
1517,Murali Lobo,29,"Tumakuru Town, Tumakuru",1369,Male,P-1430,,,,,
1518,Riyaz Sheikh,24,"Indiranagar, Bengaluru City",1370,Male,P-1431,,,,,
1519,Peter Kattimani,29,"Kyathsandra, Tumakuru",1371,Male,P-1432,2025-10-10,Karnataka,Tumakuru,Tumakuru Town PS,SI Riyaz Sheikh
1520,Rohan Kumar,21,"Cubbon Park, Bengaluru City",1373,Male,P-1433,2025-10-25,Karnataka,Bengaluru City,Yeshwanthpur PS,ASI Bharath Bangera
1521,Vijay Rao,43,"Yeshwanthpur, Bengaluru City",1374,Male,P-1434,,,,,
1522,Sagar DSouza,39,"Devaraja, Mysuru",1375,Male,P-1435,,,,,
1523,Praveen Hiremath,28,"Devaraja, Mysuru",1375,Male,P-1436,,,,,
1524,Puneeth Pasha,27,"Azad Nagar, Davanagere",1376,Male,P-1437,2025-12-09,Karnataka,Davanagere,Nittuvalli PS,PSI Irfan Ballal
1525,Santhosh DSouza,46,"Panambur, Mangaluru",1377,Male,P-1438,2025-12-09,Karnataka,Mangaluru,Ullal PS,SI Mustafa Moily
1526,Murali Kotian,41,"Doddapete, Shivamogga",1378,Male,P-1439,2025-10-27,Karnataka,Shivamogga,Tilak Nagar PS,ASI Peter Udupa
1527,Farhan Madiwal,24,"Jayanagar, Bengaluru City",1381,Male,P-1440,2025-10-17,Karnataka,Bengaluru City,Cubbon Park PS,PSI Venkatesh Sharma
1528,Sudeep Jadhav,47,"Jayanagar, Bengaluru City",1381,Male,P-1441,2025-10-16,Karnataka,Bengaluru City,Cubbon Park PS,SI Shivakumar Pinto
1529,Bhavya Iyengar,38,"Surathkal, Mangaluru",1382,Female,P-1442,2025-11-17,Karnataka,Mangaluru,Kadri PS,SI Umesh Lobo
1530,Pavan Nayak,47,"Jayanagar, Bengaluru City",1383,Male,P-1443,,,,,
1531,Srinivas Shanbhag,48,"Ullal, Mangaluru",1384,Male,P-1444,2025-10-25,Karnataka,Mangaluru,Surathkal PS,SI Madhu Devadiga
1532,Manjunath Khan,27,"Tumakuru Town, Tumakuru",1385,Male,P-0060,2025-10-20,Karnataka,Tumakuru,Antharasanahalli PS,ASI Kiran Alva
1533,Farhan Sequeira,33,"Cubbon Park, Bengaluru City",1386,Male,P-1445,2025-12-04,Karnataka,Bengaluru City,Whitefield PS,SI Ajay Patil
1534,Siddaraju Fernandes,38,"Tilakwadi, Belagavi",1387,Male,P-1446,,,,,
1535,Jagadish Kumar,33,"Tilakwadi, Belagavi",1387,Male,P-1447,,,,,
1536,Bharath Acharya,35,"Tilakwadi, Belagavi",1387,Male,P-1448,,,,,
1537,Vijay Adiga,21,"Tilakwadi, Belagavi",1387,Male,P-1449,2025-12-10,Karnataka,Belagavi,Khade Bazar PS,ASI Raghavendra Pinto
1538,Vikram Udupa,31,"Toranagallu, Ballari",1388,Male,P-1450,2025-11-04,Karnataka,Ballari,Bruce Pete PS,SI Nandini Acharya
1539,Arun Puthran,22,"Toranagallu, Ballari",1388,Male,P-1451,2025-12-09,Karnataka,Ballari,Bruce Pete PS,SI Nandini Acharya
1540,Vinod Swamy,42,"Toranagallu, Ballari",1388,Male,P-1452,,,,,
1541,Thomas Nayak,23,"Toranagallu, Ballari",1388,Male,P-1453,,,,,
1542,Peter Jadhav,44,"Whitefield, Bengaluru City",1389,Male,P-1454,2025-10-19,Karnataka,Bengaluru City,Koramangala PS,PSI Lakshmi Hiremath
1543,Manjunath Pasha,27,"Kuvempunagar, Mysuru",1390,Male,P-1455,,,,,
1544,Harish Angadi,30,"Kuvempunagar, Mysuru",1390,Male,P-1456,2025-10-20,Karnataka,Mysuru,Saraswathipuram PS,ASI Rohan Pawar
1545,Anand Lobo,33,"Kuvempunagar, Mysuru",1390,Male,P-1457,,,,,
1546,Navya Ballal,32,"Kuvempunagar, Mysuru",1390,Female,P-1458,,,,,
1547,Nagaraj Angadi,33,"Panambur, Mangaluru",1391,Male,P-1459,2025-11-28,Karnataka,Mangaluru,Ullal PS,SI Mustafa Moily
1548,Sunil Sharma,37,"Whitefield, Bengaluru City",1393,Male,P-1460,,,,,
1549,Vikram Poojary,44,"Whitefield, Bengaluru City",1393,Male,P-1461,2025-10-22,Karnataka,Bengaluru City,Jayanagar PS,SI Abdul Biradar
1550,Satish Karanth,43,"Jayanagar, Bengaluru City",1396,Male,P-1462,2025-10-21,Karnataka,Bengaluru City,Koramangala PS,DySP Suresh Kulkarni
1551,Jagadish Pinto,20,"Cubbon Park, Bengaluru City",1397,Male,P-1463,2025-11-10,Karnataka,Bengaluru City,Koramangala PS,ASI Manjunath Pasha
1552,Shwetha Adiga,30,"Cubbon Park, Bengaluru City",1397,Female,P-1464,2025-11-10,Karnataka,Bengaluru City,Koramangala PS,ASI Manjunath Pasha
1553,Abhishek Kamat,39,"Jorapur Peth, Vijayapura",1399,Male,P-1465,2025-11-21,Karnataka,Vijayapura,Station Road PS,Inspector Prakash Udupa
1554,Basavaraj Acharya,35,"Tumakuru Town, Tumakuru",1400,Male,P-1466,2025-10-24,Karnataka,Tumakuru,Kyathsandra PS,DySP Rakesh Karanth
1555,Rohan Chavan,21,"Tumakuru Town, Tumakuru",1400,Male,P-1467,,,,,
1556,Mahesh Kumar,43,"Vidyanagar, Hubballi-Dharwad",1402,Male,P-1468,2025-12-06,Karnataka,Hubballi-Dharwad,Gokul Road PS,DySP Sunil Iyer
1557,Swathi Amin,35,"Chowk, Kalaburagi",1404,Female,P-1469,2025-11-13,Karnataka,Kalaburagi,MSK Mill PS,ASI Deepa Alva
1558,Prakash Amin,36,"Antharasanahalli, Tumakuru",1405,Male,P-1470,,,,,
1559,Nithin DSouza,37,"Antharasanahalli, Tumakuru",1405,Male,P-1471,2025-11-14,Karnataka,Tumakuru,Sira Gate PS,SI Navya Jadhav
1560,Imran Alva,47,"Antharasanahalli, Tumakuru",1405,Male,P-1472,2025-11-23,Karnataka,Tumakuru,Sira Gate PS,ASI Harish Prabhu
1561,Darshan Sharma,39,"Jayanagar, Bengaluru City",1406,Male,P-1473,2025-12-07,Karnataka,Bengaluru City,Koramangala PS,ASI Manjunath Pasha
1562,Naveen Karanth,26,"Sira Gate, Tumakuru",1408,Male,P-0043,2025-11-01,Karnataka,Tumakuru,Tumakuru Town PS,SI Riyaz Sheikh
1563,Sunil Kattimani,46,"Channapatna, Ramanagara",1409,Male,P-1474,,,,,
1564,Abdul Shinde,27,"Kuvempunagar, Mysuru",1411,Male,P-1475,2025-11-21,Karnataka,Mysuru,Devaraja PS,PSI Raghavendra Pai
1565,Girish Biradar,39,"Chowk, Kalaburagi",1412,Male,P-1476,,,,,
1566,Vijay Ballal,30,"Cubbon Park, Bengaluru City",1413,Male,P-1477,,,,,
1567,Abhishek Pawar,30,"Cubbon Park, Bengaluru City",1413,Male,P-1478,2025-12-17,Karnataka,Bengaluru City,Whitefield PS,SI Pallavi Sait
1568,Peter Baig,25,"Koramangala, Bengaluru City",1414,Male,P-1479,,,,,
1569,Syed Gowda,23,"Koramangala, Bengaluru City",1414,Male,P-1480,2025-12-02,Karnataka,Bengaluru City,Whitefield PS,DySP Vinod Shetty
1570,Riyaz Prabhu,41,"Yeshwanthpur, Bengaluru City",1416,Male,P-1481,2025-12-07,Karnataka,Bengaluru City,Indiranagar PS,PSI Vikram Sharma
1571,Wilson Shetty,32,"Kaup, Udupi",1417,Male,P-1482,2025-12-04,Karnataka,Udupi,Manipal PS,PSI Yash Suvarna
1572,Shivakumar Acharya,24,"Kaup, Udupi",1417,Male,P-1483,2025-11-16,Karnataka,Udupi,Manipal PS,SI Venkatesh Adiga
1573,Rakesh Hegde,47,"Kaup, Udupi",1417,Male,P-1484,,,,,
1574,Ramesh Karanth,23,"Kaup, Udupi",1417,Male,P-1485,2025-11-21,Karnataka,Udupi,Manipal PS,PSI Manjunath Pasha
1575,Charan Pawar,43,"Cubbon Park, Bengaluru City",1420,Male,P-1486,,,,,
1576,Shankar Patil,21,"Indiranagar, Bengaluru City",1422,Male,P-1487,2025-11-08,Karnataka,Bengaluru City,Jayanagar PS,Inspector Umesh Hiremath
1577,Harish Angadi,20,"Indiranagar, Bengaluru City",1422,Male,P-1488,2025-12-07,Karnataka,Bengaluru City,Jayanagar PS,SI Ambika Kamat
1578,Satish Iyengar,34,"Bruce Pete, Ballari",1423,Male,P-1489,2025-11-05,Karnataka,Ballari,Kampli Road PS,PSI Siddaraju Shinde
1579,Murali Gowda,45,"Bruce Pete, Ballari",1423,Male,P-1490,,,,,
1580,Nagaraj Lobo,29,"Malpe, Udupi",1424,Male,P-1491,,,,,
1581,Chetan Sheikh,42,"Dharwad Town, Hubballi-Dharwad",1425,Male,P-1492,2025-11-07,Karnataka,Hubballi-Dharwad,Gokul Road PS,SI Charan Kulkarni
1582,Salman Kamat,41,"Camp, Belagavi",1427,Male,P-0065,,,,,
1583,Puneeth Alva,44,"Camp, Belagavi",1427,Male,P-1493,,,,,
1584,Lokesh Kamath,45,"Vidyanagar, Hubballi-Dharwad",1428,Male,P-1494,2025-11-17,Karnataka,Hubballi-Dharwad,Gokul Road PS,SI Charan Kulkarni
1585,Ambika Rao,37,"Cubbon Park, Bengaluru City",1429,Female,P-1495,2025-11-22,Karnataka,Bengaluru City,Whitefield PS,SI Girish Hegde
1586,Vikram Baig,29,"Cubbon Park, Bengaluru City",1429,Male,P-1496,,,,,
1587,Santhosh Bangera,25,"Indiranagar, Bengaluru City",1430,Male,P-1497,,,,,
1588,Umesh Naik,21,"Indiranagar, Bengaluru City",1431,Male,P-1498,,,,,
1589,Murali Madiwal,25,"Saraswathipuram, Mysuru",1432,Male,P-1499,2025-11-19,Karnataka,Mysuru,Devaraja PS,ASI Madhu Kattimani
1590,Joseph DSouza,24,"Koramangala, Bengaluru City",1434,Male,P-1500,2025-12-13,Karnataka,Bengaluru City,Cubbon Park PS,PSI Joseph Prabhu
1591,Umesh Kotian,46,"Jayanagar, Bengaluru City",1435,Male,P-1501,,,,,
1592,Darshan Rao,43,"Whitefield, Bengaluru City",1436,Male,P-1502,2025-12-09,Karnataka,Bengaluru City,Cubbon Park PS,PSI Nagaraj Murthy
1593,Sudeep Naik,31,"Vidyanagar, Hubballi-Dharwad",1437,Male,P-1503,2025-11-16,Karnataka,Hubballi-Dharwad,Gokul Road PS,PSI Abdul Kamat
1594,Ravi Hiremath,36,"Barke, Mangaluru",1438,Male,P-1504,2025-12-28,Karnataka,Mangaluru,Surathkal PS,PSI Sudeep Jadhav
1595,Anil Biradar,21,"Indiranagar, Bengaluru City",1439,Male,P-1505,2025-10-31,Karnataka,Bengaluru City,Whitefield PS,SI Girish Hegde
1596,Jagadish Pawar,25,"Shahapur, Belagavi",1440,Male,P-1506,2025-12-21,Karnataka,Belagavi,Tilakwadi PS,PSI Mustafa Bhat
1597,Ramya Achar,33,"Cowl Bazar, Ballari",1441,Female,P-1507,2025-12-12,Karnataka,Ballari,Toranagallu PS,DySP Kiran Biradar
1598,Shilpa Sheikh,38,"Cowl Bazar, Ballari",1441,Female,P-1508,2025-12-14,Karnataka,Ballari,Toranagallu PS,DySP Kiran Biradar
1599,Ajay Pasha,22,"Cowl Bazar, Ballari",1441,Male,P-1509,,,,,
1600,Charan Lobo,24,"Doddapete, Shivamogga",1442,Male,P-1510,2025-12-30,Karnataka,Shivamogga,Vinoba Nagar PS,ASI Ravi Kamat
1601,Darshan Kotian,21,"Doddapete, Shivamogga",1442,Male,P-1511,,,,,
1602,Asha Kulkarni,27,"Indiranagar, Bengaluru City",1443,Female,P-1512,2025-11-15,Karnataka,Bengaluru City,Jayanagar PS,SI Abdul Biradar
1603,Charan Amin,21,"Koramangala, Bengaluru City",1444,Male,P-1513,,,,,
1604,Vikram Achar,21,"Cubbon Park, Bengaluru City",1447,Male,P-1514,,,,,
1605,Gagan Chavan,29,"Cubbon Park, Bengaluru City",1447,Male,P-1515,2025-12-14,Karnataka,Bengaluru City,Whitefield PS,SI Girish Hegde
1606,Prakash Moily,46,"Cubbon Park, Bengaluru City",1447,Male,P-1516,,,,,
1607,Thomas Murthy,47,"Whitefield, Bengaluru City",1448,Male,P-1517,2025-12-22,Karnataka,Bengaluru City,Cubbon Park PS,SI Shivakumar Pinto
1608,Girish Sait,34,"Doddapete, Shivamogga",1449,Male,P-1518,2025-12-15,Karnataka,Shivamogga,Tilak Nagar PS,ASI Peter Udupa
1609,Joseph Moily,41,"Indiranagar, Bengaluru City",1450,Male,P-1519,2025-11-23,Karnataka,Bengaluru City,Jayanagar PS,SI Abdul Biradar
1610,Raghavendra Swamy,21,"Cubbon Park, Bengaluru City",1451,Male,P-1520,2025-11-19,Karnataka,Bengaluru City,Indiranagar PS,PSI Vikram Sharma
1611,Puneeth Patil,39,"Cubbon Park, Bengaluru City",1451,Male,P-1521,,,,,
1612,Raghavendra Sequeira,46,"Yeshwanthpur, Bengaluru City",1452,Male,P-1522,2025-12-07,Karnataka,Bengaluru City,Whitefield PS,ASI Gowri Kini
1613,Rohan Udupa,27,"Saraswathipuram, Mysuru",1453,Male,P-1523,,,,,
1614,Satish Pai,44,"Dharwad Town, Hubballi-Dharwad",1454,Male,P-1524,,,,,
1615,Manjula Amin,46,"Dharwad Town, Hubballi-Dharwad",1454,Female,P-1525,,,,,
1616,Asha Ballal,38,"Dharwad Town, Hubballi-Dharwad",1454,Female,P-1526,2025-12-22,Karnataka,Hubballi-Dharwad,Gokul Road PS,DySP Sunil Iyer
1617,Suresh Sait,35,"Devaraja, Mysuru",1455,Male,P-1527,,,,,
1618,Chetan Gowda,48,"Koramangala, Bengaluru City",1456,Male,P-1528,,,,,
1619,Hema Puthran,25,"Koramangala, Bengaluru City",1456,Female,P-1529,,,,,
1620,Harish Hegde,21,"Koramangala, Bengaluru City",1457,Male,P-1530,,,,,
1621,Praveen Gowda,27,"Kaup, Udupi",1458,Male,P-1531,,,,,
1622,Harish Poojary,24,"Khade Bazar, Belagavi",1459,Male,P-1532,2026-01-02,Karnataka,Belagavi,Tilakwadi PS,PSI Mustafa Bhat
1623,Dinesh Karanth,27,"Khade Bazar, Belagavi",1459,Male,P-1533,2025-12-25,Karnataka,Belagavi,Tilakwadi PS,SI Srinivas Prabhu
1624,Sudeep Pai,38,"Khade Bazar, Belagavi",1459,Male,P-1534,,,,,
1625,Peter Jadhav,48,"Khade Bazar, Belagavi",1459,Male,P-1535,,,,,
1626,Satish Madiwal,38,"Lashkar, Mysuru",1460,Male,P-1536,2025-11-10,Karnataka,Mysuru,Kuvempunagar PS,ASI Imran Naik
1627,Venkatesh Baig,34,"Nittuvalli, Davanagere",1461,Male,P-1537,2025-12-01,Karnataka,Davanagere,Azad Nagar PS,PSI Ramesh Sait
1628,Ravi Rai,39,"Brahmpur, Kalaburagi",1462,Male,P-1538,,,,,
1629,Peter Rao,34,"Brahmpur, Kalaburagi",1462,Male,P-1539,2025-12-24,Karnataka,Kalaburagi,Station Bazar PS,PSI Joseph Udupa
1630,Mary Kattimani,49,"Brahmpur, Kalaburagi",1462,Female,P-1540,2025-11-24,Karnataka,Kalaburagi,Station Bazar PS,Inspector Swathi Moily
1631,Vikram Shinde,35,"Tumakuru Town, Tumakuru",1463,Male,P-1541,2025-11-07,Karnataka,Tumakuru,Kyathsandra PS,DySP Rakesh Karanth
1632,Yash Salian,37,"Tumakuru Town, Tumakuru",1463,Male,P-1542,2025-12-18,Karnataka,Tumakuru,Kyathsandra PS,SI Prakash Kulkarni
1633,Mustafa Kotian,30,"Tumakuru Town, Tumakuru",1463,Male,P-1543,2025-12-25,Karnataka,Tumakuru,Kyathsandra PS,DySP Rakesh Karanth
1634,Abdul Deshpande,36,"Tumakuru Town, Tumakuru",1463,Male,P-1544,2025-11-25,Karnataka,Tumakuru,Kyathsandra PS,SI Basavaraj Shanbhag
1635,Riyaz Kotian,47,"Sira Gate, Tumakuru",1464,Male,P-1545,,,,,
1636,Srinivas Amin,26,"Ullal, Mangaluru",1467,Male,P-1546,,,,,
1637,Mohan Swamy,30,"Ullal, Mangaluru",1467,Male,P-1547,,,,,
1638,Ramesh Sharma,31,"Indiranagar, Bengaluru City",1468,Male,P-1548,,,,,
1639,Manjula Gowda,44,"Bruce Pete, Ballari",1469,Female,P-1549,,,,,
1640,Sagar Madiwal,30,"Dharwad Town, Hubballi-Dharwad",1471,Male,P-1550,,,,,
1641,Satish Baig,37,"Koramangala, Bengaluru City",1474,Male,P-1551,2025-11-20,Karnataka,Bengaluru City,Jayanagar PS,ASI Bharath Iyer
1642,Praveen Acharya,42,"Koramangala, Bengaluru City",1474,Male,P-1552,,,,,
1643,Dinesh Prabhu,49,"Yeshwanthpur, Bengaluru City",1475,Male,P-1553,,,,,
1644,Rohan Deshpande,25,"Yeshwanthpur, Bengaluru City",1476,Male,P-1554,,,,,
1645,Anand Sequeira,40,"Gokul Road, Hubballi-Dharwad",1477,Male,P-1555,,,,,
1646,Abhishek Kotian,35,"Gokul Road, Hubballi-Dharwad",1477,Male,P-1556,2026-01-06,Karnataka,Hubballi-Dharwad,Dharwad Town PS,SI Anil Kamath
1647,Manjunath Puthran,44,"Doddapete, Shivamogga",1478,Male,P-1557,,,,,
1648,Rakesh Shetty,49,"Indiranagar, Bengaluru City",1479,Male,P-1558,2026-01-08,Karnataka,Bengaluru City,Koramangala PS,PSI Lakshmi Hiremath
1649,Abhishek Pai,46,"Kaup, Udupi",1480,Male,P-1559,2025-11-14,Karnataka,Udupi,Udupi Town PS,SI Mahesh Rai
1650,Raghavendra Achar,35,"Kampli Road, Ballari",1481,Male,P-1560,2025-11-29,Karnataka,Ballari,Bruce Pete PS,PSI Wilson Salian
1651,Praveen Devadiga,30,"Hassan Town, Hassan",1482,Male,P-0073,2025-12-12,Karnataka,Hassan,Salagame Road PS,Inspector Abdul Shetty
1652,Umesh Achar,36,"Hassan Town, Hassan",1482,Male,P-1561,2025-11-24,Karnataka,Hassan,Salagame Road PS,ASI Mustafa Karanth
1653,Basavaraj Kattimani,48,"Ullal, Mangaluru",1485,Male,P-1562,,,,,
1654,Praveen Deshpande,29,"Doddapete, Shivamogga",1486,Male,P-1563,,,,,
1655,Mahesh Reddy,48,"Doddapete, Shivamogga",1486,Male,P-1564,,,,,
1656,Karthik Karanth,42,"Salagame Road, Hassan",1487,Male,P-1565,2025-12-01,Karnataka,Hassan,Hassan Town PS,SI Murali Biradar
1657,Joseph Iyengar,40,"Camp, Belagavi",1488,Male,P-1566,2025-12-08,Karnataka,Belagavi,Tilakwadi PS,PSI Mustafa Bhat
1658,Shankar Alva,41,"Gandhi Chowk, Vijayapura",1490,Male,P-1567,2025-11-15,Karnataka,Vijayapura,Station Road PS,Inspector Venkatesh Lobo
1659,Krishna Fernandes,29,"MSK Mill, Kalaburagi",1491,Male,P-1568,2025-12-10,Karnataka,Kalaburagi,Chowk PS,Inspector Irfan Kulkarni
1660,Salma Jadhav,48,"MSK Mill, Kalaburagi",1491,Female,P-1569,2026-01-02,Karnataka,Kalaburagi,Chowk PS,ASI Charan Swamy
1661,Vijay Sharma,35,"MSK Mill, Kalaburagi",1491,Male,P-1570,2025-11-21,Karnataka,Kalaburagi,Chowk PS,Inspector Shankar Salian
1662,Rakesh Pai,40,"Gandhi Chowk, Vijayapura",1492,Male,P-1571,,,,,
1663,Shankar Khan,47,"Jayanagar, Bengaluru City",1493,Male,P-1572,2026-01-06,Karnataka,Bengaluru City,Koramangala PS,Inspector Farhan Sharma
1664,Gopal Fernandes,44,"Doddapete, Shivamogga",1495,Male,P-0061,2025-11-16,Karnataka,Shivamogga,Tilak Nagar PS,ASI Peter Udupa
1665,Vinod Naik,20,"Indiranagar, Bengaluru City",1497,Male,P-1573,2025-12-28,Karnataka,Bengaluru City,Whitefield PS,SI Girish Hegde
1666,Bharath Kulkarni,23,"Lashkar, Mysuru",1498,Male,P-1574,,,,,
1667,Rohan Acharya,46,"Gokul Road, Hubballi-Dharwad",1499,Male,P-1575,2025-12-08,Karnataka,Hubballi-Dharwad,Dharwad Town PS,SI Ramesh Acharya
1668,Mohan Karanth,49,"Gokul Road, Hubballi-Dharwad",1499,Male,P-1576,2025-12-20,Karnataka,Hubballi-Dharwad,Dharwad Town PS,PSI Navya Joshi
1669,Abdul Angadi,22,"Yeshwanthpur, Bengaluru City",1501,Male,P-1577,2025-12-02,Karnataka,Bengaluru City,Whitefield PS,DySP Vinod Shetty
1670,Asha Madiwal,22,"Kampli Road, Ballari",1502,Female,P-1578,,,,,
1671,Sanjay Hegde,36,"Nittuvalli, Davanagere",1504,Male,P-1579,,,,,
1672,Gopal Prabhu,44,"Jorapur Peth, Vijayapura",1507,Male,P-1580,,,,,
1673,Ajay Shinde,38,"Indiranagar, Bengaluru City",1508,Male,P-0021,,,,,
1674,Krishna Poojary,32,"Indiranagar, Bengaluru City",1508,Male,P-0020,2025-11-22,Karnataka,Bengaluru City,Cubbon Park PS,PSI Nagaraj Murthy
1675,Vanitha Khan,37,"Hassan Town, Hassan",1510,Female,P-1581,2025-11-24,Karnataka,Hassan,Pension Mohalla PS,ASI Anand Achar
1676,Santhosh Sheikh,45,"Udupi Town, Udupi",1511,Male,P-1582,,,,,
1677,Wilson Udupa,26,"Brahmpur, Kalaburagi",1512,Male,P-1583,2026-01-18,Karnataka,Kalaburagi,Chowk PS,ASI Charan Swamy
1678,Umesh Ballal,45,"KTJ Nagar, Davanagere",1513,Male,P-1584,2026-01-05,Karnataka,Davanagere,Bethur Road PS,SI Harish Kumar
1679,Chandru Nayak,39,"KTJ Nagar, Davanagere",1513,Male,P-1585,2025-12-24,Karnataka,Davanagere,Bethur Road PS,Inspector Sanjay Pawar
1680,Fathima Rai,45,"Kadri, Mangaluru",1515,Female,P-1586,2025-12-14,Karnataka,Mangaluru,Surathkal PS,SI Siddaraju Pasha
1681,Abdul Shinde,49,"Kadri, Mangaluru",1515,Male,P-1587,,,,,
1682,Peter Amin,34,"Kadri, Mangaluru",1515,Male,P-1588,2025-12-31,Karnataka,Mangaluru,Surathkal PS,PSI Naveen Bangera
1683,Kiran Kumar,44,"Old Hubballi, Hubballi-Dharwad",1516,Male,P-1589,2025-12-09,Karnataka,Hubballi-Dharwad,Vidyanagar PS,ASI Jagadish Alva
1684,Puneeth Nayak,27,"Yeshwanthpur, Bengaluru City",1517,Male,P-1590,2026-01-11,Karnataka,Bengaluru City,Whitefield PS,SI Ajay Patil
1685,Ajay Hiremath,22,"Yeshwanthpur, Bengaluru City",1517,Male,P-1591,,,,,
1686,Salman Iyengar,43,"Yeshwanthpur, Bengaluru City",1517,Male,P-1592,,,,,
1687,Shwetha Puthran,31,"Yeshwanthpur, Bengaluru City",1519,Female,P-1593,,,,,
1688,Ramesh Kattimani,48,"Tilakwadi, Belagavi",1522,Male,P-1594,,,,,
1689,Mahesh Iyengar,29,"Surathkal, Mangaluru",1523,Male,P-1595,,,,,
1690,Ajay DSouza,33,"Whitefield, Bengaluru City",1524,Male,P-1596,2025-12-15,Karnataka,Bengaluru City,Cubbon Park PS,PSI Nagaraj Murthy
1691,Irfan Shinde,48,"Whitefield, Bengaluru City",1524,Male,P-1597,2026-01-17,Karnataka,Bengaluru City,Cubbon Park PS,SI Darshan Madiwal
1692,Thomas Pasha,48,"Whitefield, Bengaluru City",1524,Male,P-1598,,,,,
1693,Vanitha Shanbhag,26,"Bethur Road, Davanagere",1525,Female,P-1599,2026-01-05,Karnataka,Davanagere,Nittuvalli PS,PSI Irfan Ballal
1694,Puneeth Alva,43,"Chowk, Kalaburagi",1526,Male,P-1600,2026-01-20,Karnataka,Kalaburagi,Station Bazar PS,PSI Vanitha Puthran
1695,Arun Hegde,22,"Jorapur Peth, Vijayapura",1527,Male,P-1601,,,,,
1696,Arun Madiwal,25,"Kanakapura Road, Ramanagara",1528,Male,P-1602,2026-01-15,Karnataka,Ramanagara,Channapatna PS,Inspector Gagan Amin
1697,Dinesh Shinde,41,"Chowk, Kalaburagi",1529,Male,P-0042,2026-01-04,Karnataka,Kalaburagi,Brahmpur PS,ASI Praveen Ballal
1698,Charan Lobo,35,"Cubbon Park, Bengaluru City",1530,Male,P-1603,,,,,
1699,Sunil Amin,28,"Cubbon Park, Bengaluru City",1530,Male,P-1604,,,,,
1700,Sanjay Khan,24,"Khade Bazar, Belagavi",1531,Male,P-1605,2025-12-11,Karnataka,Belagavi,Tilakwadi PS,ASI Charan Kulkarni
1701,Charan Sequeira,25,"Khade Bazar, Belagavi",1531,Male,P-1606,2025-12-11,Karnataka,Belagavi,Tilakwadi PS,SI Srinivas Prabhu
1702,Raghavendra Sait,23,"Kuvempunagar, Mysuru",1532,Male,P-1607,2026-01-15,Karnataka,Mysuru,Saraswathipuram PS,ASI Rohan Pawar
1703,Usha Fernandes,24,"Adarsh Nagar, Vijayapura",1533,Female,P-1608,2026-01-03,Karnataka,Vijayapura,Gandhi Chowk PS,SI Sunil Shetty
1704,Madhu Hegde,25,"Adarsh Nagar, Vijayapura",1533,Male,P-1609,,,,,
1705,Rashmi Kulkarni,34,"Adarsh Nagar, Vijayapura",1533,Female,P-1610,2025-12-11,Karnataka,Vijayapura,Gandhi Chowk PS,Inspector Murali Lobo
1706,Karthik Suvarna,48,"KTJ Nagar, Davanagere",1534,Male,P-1611,,,,,
1707,Wilson Salian,26,"Malpe, Udupi",1537,Male,P-1612,,,,,
1708,Praveen Moily,39,"Malpe, Udupi",1537,Male,P-1613,2026-01-20,Karnataka,Udupi,Manipal PS,DySP Ravi Reddy
1709,Basavaraj Ballal,29,"Jorapur Peth, Vijayapura",1539,Male,P-1614,,,,,
1710,Shilpa Angadi,44,"Chowk, Kalaburagi",1541,Female,P-1615,2025-12-21,Karnataka,Kalaburagi,Station Bazar PS,ASI Rekha DSouza
1711,Naveen Shetty,30,"Jayanagar, Bengaluru City",1543,Male,P-1616,,,,,
1712,Mustafa Patil,45,"Whitefield, Bengaluru City",1544,Male,P-1617,2026-01-04,Karnataka,Bengaluru City,Cubbon Park PS,PSI Nagaraj Murthy
1713,Charan Lobo,42,"Koramangala, Bengaluru City",1545,Male,P-1618,,,,,
1714,Mahesh Iyer,26,"Koramangala, Bengaluru City",1545,Male,P-1619,2026-01-25,Karnataka,Bengaluru City,Whitefield PS,SI Ajay Patil
1715,Abdul Ballal,34,"Toranagallu, Ballari",1546,Male,P-1620,2026-01-20,Karnataka,Ballari,Cowl Bazar PS,SI Krishna DSouza
1716,Ramesh Jadhav,36,"Lashkar, Mysuru",1548,Male,P-1621,2026-01-20,Karnataka,Mysuru,Kuvempunagar PS,SI Rekha DSouza
1717,Riyaz Swamy,40,"Jayanagar, Bengaluru City",1549,Male,P-1622,2026-01-23,Karnataka,Bengaluru City,Indiranagar PS,PSI Hanumantha Udupa
1718,Pavan Biradar,29,"Channapatna, Ramanagara",1550,Male,P-1623,2026-01-14,Karnataka,Ramanagara,Kanakapura Road PS,SI Mohan Lobo
1719,Sudeep Pai,35,"Shahapur, Belagavi",1551,Male,P-0044,,,,,
1720,Imran Kamat,27,"Nittuvalli, Davanagere",1552,Male,P-1624,,,,,
1721,Abhishek Swamy,25,"Nittuvalli, Davanagere",1552,Male,P-1625,2025-12-08,Karnataka,Davanagere,Bethur Road PS,ASI Rajesh Moily
1722,Manjunath Swamy,45,"Cubbon Park, Bengaluru City",1554,Male,P-1626,,,,,
1723,Ajay Khan,32,"Cubbon Park, Bengaluru City",1554,Male,P-1627,2025-12-25,Karnataka,Bengaluru City,Jayanagar PS,SI Abdul Biradar
1724,Riyaz Kattimani,45,"Cubbon Park, Bengaluru City",1554,Male,P-1628,2025-12-20,Karnataka,Bengaluru City,Jayanagar PS,ASI Bharath Iyer
1725,Naveen Murthy,31,"Koramangala, Bengaluru City",1555,Male,P-1629,2026-01-05,Karnataka,Bengaluru City,Whitefield PS,DySP Vinod Shetty
1726,Dinesh Iyengar,44,"Dharwad Town, Hubballi-Dharwad",1556,Male,P-1630,2026-01-06,Karnataka,Hubballi-Dharwad,Old Hubballi PS,PSI Rakesh Sheikh
1727,Anil Rao,44,"Dharwad Town, Hubballi-Dharwad",1556,Male,P-1631,2025-12-27,Karnataka,Hubballi-Dharwad,Old Hubballi PS,ASI Umesh Devadiga
1728,Sanjay Hiremath,33,"Dharwad Town, Hubballi-Dharwad",1556,Male,P-1632,,,,,
1729,Rashmi Hegde,36,"Dharwad Town, Hubballi-Dharwad",1556,Female,P-1633,,,,,
1730,Karthik Ballal,42,"Jayanagar, Bengaluru City",1557,Male,P-1634,,,,,
1731,Abhishek Amin,31,"Jayanagar, Bengaluru City",1557,Male,P-1635,2025-12-11,Karnataka,Bengaluru City,Cubbon Park PS,SI Darshan Madiwal
1732,Salman Kumar,44,"Jayanagar, Bengaluru City",1557,Male,P-1636,,,,,
1733,Murali Puthran,24,"Jayanagar, Bengaluru City",1559,Male,P-1637,2025-12-15,Karnataka,Bengaluru City,Yeshwanthpur PS,ASI Bharath Bangera
1734,Pallavi Amin,37,"Koramangala, Bengaluru City",1560,Female,P-1638,,,,,
1735,Rajesh Moily,38,"Koramangala, Bengaluru City",1560,Male,P-1639,2026-01-20,Karnataka,Bengaluru City,Jayanagar PS,DySP Anil Kini
1736,Harish Shanbhag,37,"Yeshwanthpur, Bengaluru City",1561,Male,P-1640,2025-12-25,Karnataka,Bengaluru City,Indiranagar PS,PSI Vikram Sharma
1737,Praveen Pasha,36,"Yeshwanthpur, Bengaluru City",1561,Male,P-1641,2026-01-30,Karnataka,Bengaluru City,Indiranagar PS,PSI Sunil Sheikh
1738,Farhan Kamat,27,"Yeshwanthpur, Bengaluru City",1561,Male,P-1642,2025-12-17,Karnataka,Bengaluru City,Indiranagar PS,PSI Hanumantha Udupa
1739,Chandru Kattimani,47,"Kuvempunagar, Mysuru",1563,Male,P-1643,2026-01-22,Karnataka,Mysuru,Lashkar PS,SI Darshan Salian
1740,Shruthi Angadi,33,"Cubbon Park, Bengaluru City",1564,Female,P-1644,,,,,
1741,Kiran Jadhav,32,"Devaraja, Mysuru",1565,Male,P-1645,2025-12-14,Karnataka,Mysuru,Kuvempunagar PS,ASI Sanjay Pawar
1742,Shankar Rai,25,"Devaraja, Mysuru",1565,Male,P-1646,,,,,
1743,Naveen Reddy,44,"Indiranagar, Bengaluru City",1567,Male,P-1647,,,,,
1744,Sagar Pai,41,"Azad Nagar, Davanagere",1568,Male,P-1648,2026-01-02,Karnataka,Davanagere,Nittuvalli PS,ASI Abdul Karanth
1745,Farhan Iyer,40,"Azad Nagar, Davanagere",1568,Male,P-1649,,,,,
1746,Vijay Gowda,40,"Koramangala, Bengaluru City",1569,Male,P-1650,2026-01-09,Karnataka,Bengaluru City,Whitefield PS,SI Ajay Patil
1747,Harish Khan,30,"Whitefield, Bengaluru City",1571,Male,P-1651,2026-01-02,Karnataka,Bengaluru City,Indiranagar PS,ASI Syed Shetty
1748,Girish Naik,29,"Whitefield, Bengaluru City",1571,Male,P-1652,2025-12-27,Karnataka,Bengaluru City,Indiranagar PS,ASI Syed Shetty
1749,Farhan Iyer,43,"Pension Mohalla, Hassan",1572,Male,P-1653,,,,,
1750,Wilson Ballal,40,"Barke, Mangaluru",1574,Male,P-1654,2026-01-14,Karnataka,Mangaluru,Ullal PS,SI Irfan Deshpande
1751,Murali Jadhav,35,"Barke, Mangaluru",1574,Male,P-1655,2026-02-07,Karnataka,Mangaluru,Ullal PS,Inspector Sharada Sait
1752,Yash Angadi,25,"Whitefield, Bengaluru City",1575,Male,P-1656,,,,,
1753,Kiran Deshpande,34,"Kadri, Mangaluru",1577,Male,P-1657,2026-01-26,Karnataka,Mangaluru,Surathkal PS,PSI Sudeep Jadhav
1754,Hanumantha Bhat,36,"Old Hubballi, Hubballi-Dharwad",1579,Male,P-1658,2025-12-29,Karnataka,Hubballi-Dharwad,Gokul Road PS,DySP Sunil Iyer
1755,Karthik Amin,28,"Old Hubballi, Hubballi-Dharwad",1579,Male,P-1659,2026-01-09,Karnataka,Hubballi-Dharwad,Gokul Road PS,SI Charan Kulkarni
1756,Joseph Jadhav,44,"Devaraja, Mysuru",1580,Male,P-1660,2026-01-26,Karnataka,Mysuru,Lashkar PS,PSI Farhan Sheikh
1757,Arun Pasha,22,"Whitefield, Bengaluru City",1581,Male,P-1661,,,,,
1758,Shobha Karanth,26,"Whitefield, Bengaluru City",1581,Female,P-1662,2025-12-30,Karnataka,Bengaluru City,Cubbon Park PS,PSI Nagaraj Murthy
1759,Praveen Jadhav,24,"Kuvempunagar, Mysuru",1582,Male,P-1663,,,,,
1760,Krishna Adiga,28,"Indiranagar, Bengaluru City",1584,Male,P-1664,2026-01-03,Karnataka,Bengaluru City,Jayanagar PS,DySP Anil Kini
1761,Anil Salian,31,"Vidyanagar, Hubballi-Dharwad",1588,Male,P-1665,,,,,
1762,Nisha Kini,49,"Vidyanagar, Hubballi-Dharwad",1588,Female,P-1666,2025-12-24,Karnataka,Hubballi-Dharwad,Gokul Road PS,PSI Abdul Kamat
1763,Siddaraju Bangera,20,"Channapatna, Ramanagara",1590,Male,P-1667,,,,,
1764,Chetan Kumar,33,"Station Bazar, Kalaburagi",1591,Male,P-0041,2025-12-20,Karnataka,Kalaburagi,MSK Mill PS,DySP Hanumantha Khan
1765,Abhishek Moily,31,"Bruce Pete, Ballari",1593,Male,P-1668,,,,,
1766,Rakesh Puthran,34,"Koramangala, Bengaluru City",1594,Male,P-1669,2026-01-01,Karnataka,Bengaluru City,Jayanagar PS,ASI Bharath Iyer
1767,Puneeth Sharma,44,"Camp, Belagavi",1596,Male,P-1670,,,,,
1768,Rakesh Ballal,29,"Camp, Belagavi",1596,Male,P-1671,,,,,
1769,Basavaraj Biradar,38,"Camp, Belagavi",1596,Male,P-1672,2026-01-01,Karnataka,Belagavi,Shahapur PS,DySP Bhagya Karanth
1770,Ramesh Pasha,45,"Indiranagar, Bengaluru City",1597,Male,P-1673,2026-01-16,Karnataka,Bengaluru City,Koramangala PS,Inspector Farhan Sharma
1771,Salman Kulkarni,29,"Indiranagar, Bengaluru City",1597,Male,P-1674,,,,,
1772,Prakash Chavan,38,"Cubbon Park, Bengaluru City",1598,Male,P-1675,2026-01-09,Karnataka,Bengaluru City,Jayanagar PS,ASI Bharath Iyer
1773,Ayesha Hiremath,45,"Cubbon Park, Bengaluru City",1598,Female,P-1676,2026-02-06,Karnataka,Bengaluru City,Jayanagar PS,ASI Bharath Iyer
1774,Bhavya Naik,30,"Cubbon Park, Bengaluru City",1598,Female,P-1677,,,,,
1775,Kiran Acharya,40,"Yeshwanthpur, Bengaluru City",1599,Male,P-1678,,,,,
1776,Harish DSouza,31,"Yeshwanthpur, Bengaluru City",1599,Male,P-1679,,,,,
1777,Siddaraju Rai,49,"Station Bazar, Kalaburagi",1600,Male,P-1680,2026-01-01,Karnataka,Kalaburagi,MSK Mill PS,SI Soumya Kotian
1778,Bharath Nayak,37,"Antharasanahalli, Tumakuru",1601,Male,P-0053,2025-12-31,Karnataka,Tumakuru,Tumakuru Town PS,SI Riyaz Sheikh
1779,Riyaz Suvarna,39,"Tilakwadi, Belagavi",1603,Male,P-1681,2026-01-13,Karnataka,Belagavi,Shahapur PS,DySP Bhagya Karanth
1780,Darshan Kattimani,37,"Nittuvalli, Davanagere",1604,Male,P-0045,,,,,
1781,Sunitha Naik,45,"Cubbon Park, Bengaluru City",1605,Female,P-1682,,,,,
1782,Joseph Joshi,45,"Toranagallu, Ballari",1606,Male,P-1683,2025-12-23,Karnataka,Ballari,Kampli Road PS,ASI Naveen Naik
1783,Manjunath DSouza,29,"Toranagallu, Ballari",1606,Male,P-1684,2025-12-27,Karnataka,Ballari,Kampli Road PS,PSI Siddaraju Shinde
1784,Ganesh Deshpande,28,"Sira Gate, Tumakuru",1607,Male,P-1685,2026-02-03,Karnataka,Tumakuru,Tumakuru Town PS,Inspector Satish Jadhav
1785,Shivakumar Pawar,29,"Sira Gate, Tumakuru",1607,Male,P-1686,,,,,
1786,Bharath Achar,21,"Saraswathipuram, Mysuru",1608,Male,P-1687,2026-02-16,Karnataka,Mysuru,Kuvempunagar PS,SI Rekha DSouza
1787,Kiran Sheikh,30,"Koramangala, Bengaluru City",1609,Male,P-1688,,,,,
1788,Gopal Kamath,30,"Koramangala, Bengaluru City",1609,Male,P-1689,,,,,
1789,Ravi Pawar,36,"Pension Mohalla, Hassan",1611,Male,P-1690,2026-01-31,Karnataka,Hassan,Salagame Road PS,Inspector Bhavya Acharya
1790,Venkatesh Salian,40,"Yeshwanthpur, Bengaluru City",1613,Male,P-1691,2026-01-16,Karnataka,Bengaluru City,Indiranagar PS,PSI Hanumantha Udupa
1791,Irfan Pasha,39,"Tilak Nagar, Shivamogga",1614,Male,P-1692,2026-01-02,Karnataka,Shivamogga,Kote PS,PSI Santhosh Moily
1792,Joseph Deshpande,40,"Tilak Nagar, Shivamogga",1614,Male,P-1693,,,,,
1793,Geetha Sharma,20,"Jorapur Peth, Vijayapura",1615,Female,P-1694,,,,,
1794,Vikram Iyer,47,"Gokul Road, Hubballi-Dharwad",1616,Male,P-1695,,,,,
1795,Abdul Ballal,25,"Gokul Road, Hubballi-Dharwad",1616,Male,P-1696,2026-02-05,Karnataka,Hubballi-Dharwad,Old Hubballi PS,PSI Harish Achar
1796,Puneeth Angadi,34,"Kadri, Mangaluru",1620,Male,P-1697,2026-02-01,Karnataka,Mangaluru,Barke PS,ASI Abdul Hegde
1797,Kiran Iyer,40,"Khade Bazar, Belagavi",1621,Male,P-1698,2026-02-22,Karnataka,Belagavi,Tilakwadi PS,SI Srinivas Prabhu
1798,Puneeth Bangera,37,"Khade Bazar, Belagavi",1621,Male,P-1699,,,,,
1799,Girish Hiremath,39,"Surathkal, Mangaluru",1622,Male,P-1700,,,,,
1800,Srinivas Adiga,39,"Surathkal, Mangaluru",1622,Male,P-1701,2026-01-31,Karnataka,Mangaluru,Panambur PS,PSI Bharath Joshi
1801,Sanjay Madiwal,21,"Channapatna, Ramanagara",1623,Male,P-1702,2026-01-22,Karnataka,Ramanagara,Kanakapura Road PS,SI Mohan Lobo
1802,Krishna Bangera,38,"Channapatna, Ramanagara",1623,Male,P-1703,,,,,
1803,Shivakumar Deshpande,24,"Station Road, Vijayapura",1624,Male,P-1704,2026-01-15,Karnataka,Vijayapura,Jorapur Peth PS,PSI Nagaraj Sharma
1804,Nandini Poojary,36,"Ramanagara Town, Ramanagara",1625,Female,P-1705,2026-02-06,Karnataka,Ramanagara,Kanakapura Road PS,Inspector Raghavendra Swamy
1805,Shankar Hegde,45,"Saraswathipuram, Mysuru",1628,Male,P-1706,,,,,
1806,Farhan Salian,45,"Koramangala, Bengaluru City",1631,Male,P-1707,2026-01-08,Karnataka,Bengaluru City,Cubbon Park PS,SI Shivakumar Pinto
1807,Satish Deshpande,48,"Koramangala, Bengaluru City",1631,Male,P-1708,,,,,
1808,Venkatesh Salian,22,"Jorapur Peth, Vijayapura",1632,Male,P-1709,,,,,
1809,Rakesh Swamy,42,"Jorapur Peth, Vijayapura",1632,Male,P-1710,2026-01-14,Karnataka,Vijayapura,Adarsh Nagar PS,SI Ayesha Hiremath
1810,Mohan Reddy,35,"Cubbon Park, Bengaluru City",1633,Male,P-1711,2026-02-13,Karnataka,Bengaluru City,Koramangala PS,DySP Suresh Kulkarni
1811,Gopal Amin,29,"Saraswathipuram, Mysuru",1634,Male,P-1712,2026-01-16,Karnataka,Mysuru,Lashkar PS,PSI Manjunath Biradar
1812,Pooja Khan,47,"Saraswathipuram, Mysuru",1634,Female,P-1713,2026-01-25,Karnataka,Mysuru,Lashkar PS,SI Shankar Hegde
1813,Basavaraj Deshpande,38,"Saraswathipuram, Mysuru",1634,Male,P-1714,,,,,
1814,Basavaraj Sharma,21,"Cubbon Park, Bengaluru City",1638,Male,P-1715,2026-02-26,Karnataka,Bengaluru City,Whitefield PS,PSI Santhosh Bangera
1815,Pavan Shanbhag,30,"Cubbon Park, Bengaluru City",1638,Male,P-1716,,,,,
1816,Raghavendra Baig,46,"Channapatna, Ramanagara",1640,Male,P-1717,2026-01-08,Karnataka,Ramanagara,Ramanagara Town PS,PSI Suresh Murthy
1817,Harish Kamat,38,"Vinoba Nagar, Shivamogga",1642,Male,P-1718,2026-01-02,Karnataka,Shivamogga,Doddapete PS,ASI Shankar Swamy
1818,Shwetha Swamy,30,"Kuvempunagar, Mysuru",1643,Female,P-1719,,,,,
1819,Rekha Shinde,34,"Kuvempunagar, Mysuru",1643,Female,P-1720,2026-02-10,Karnataka,Mysuru,Lashkar PS,ASI Divya Deshpande
1820,Nandini Pasha,50,"Yeshwanthpur, Bengaluru City",1645,Female,P-1721,2026-01-31,Karnataka,Bengaluru City,Indiranagar PS,SI Nisha Acharya
1821,Arun Sequeira,38,"Yeshwanthpur, Bengaluru City",1645,Male,P-1722,2026-02-21,Karnataka,Bengaluru City,Indiranagar PS,PSI Sunil Sheikh
1822,Murali Karanth,38,"Kuvempunagar, Mysuru",1646,Male,P-1723,2026-02-12,Karnataka,Mysuru,Saraswathipuram PS,PSI Umesh Iyengar
1823,Kiran Nayak,45,"Khade Bazar, Belagavi",1647,Male,P-1724,,,,,
1824,Nagaraj Kotian,50,"Tilakwadi, Belagavi",1648,Male,P-1725,2026-01-20,Karnataka,Belagavi,Shahapur PS,PSI Venkatesh Chavan
1825,Naveen Swamy,48,"Kyathsandra, Tumakuru",1649,Male,P-1726,,,,,
1826,Latha Swamy,38,"Kyathsandra, Tumakuru",1649,Female,P-1727,2026-02-21,Karnataka,Tumakuru,Sira Gate PS,SI Navya Jadhav
1827,Farhan Kini,26,"Brahmpur, Kalaburagi",1650,Male,P-1728,,,,,
1828,Praveen Suvarna,49,"Kadri, Mangaluru",1651,Male,P-0056,,,,,
1829,Manjunath Achar,30,"Kadri, Mangaluru",1651,Male,P-1729,2026-01-23,Karnataka,Mangaluru,Surathkal PS,SI Siddaraju Pasha
1830,Ravi Naik,21,"Jayanagar, Bengaluru City",1652,Male,P-1730,2026-02-23,Karnataka,Bengaluru City,Indiranagar PS,SI Nisha Acharya
1831,Farhan Acharya,48,"Indiranagar, Bengaluru City",1653,Male,P-1731,2026-01-11,Karnataka,Bengaluru City,Jayanagar PS,SI Abdul Biradar
1832,Darshan Jadhav,45,"Yeshwanthpur, Bengaluru City",1654,Male,P-1732,2026-02-20,Karnataka,Bengaluru City,Indiranagar PS,PSI Hanumantha Udupa
1833,Imran Rai,21,"Khade Bazar, Belagavi",1655,Male,P-1733,,,,,
1834,Umesh Pai,30,"Jayanagar, Bengaluru City",1656,Male,P-1734,2026-03-01,Karnataka,Bengaluru City,Indiranagar PS,PSI Vikram Sharma
1835,Riyaz Reddy,29,"Manipal, Udupi",1657,Male,P-1735,2026-03-01,Karnataka,Udupi,Udupi Town PS,DySP Sudeep Devadiga
1836,Basavaraj Nayak,23,"Manipal, Udupi",1657,Male,P-1736,2026-01-21,Karnataka,Udupi,Udupi Town PS,DySP Sudeep Devadiga
1837,Anand Rao,36,"Whitefield, Bengaluru City",1658,Male,P-1737,2026-01-25,Karnataka,Bengaluru City,Cubbon Park PS,PSI Nagaraj Murthy
1838,Siddaraju Moily,47,"Whitefield, Bengaluru City",1658,Male,P-1738,,,,,
1839,Anitha Devadiga,50,"Whitefield, Bengaluru City",1658,Female,P-1739,2026-02-14,Karnataka,Bengaluru City,Cubbon Park PS,SI Darshan Madiwal
1840,Chetan Achar,27,"Yeshwanthpur, Bengaluru City",1663,Male,P-1740,2026-02-02,Karnataka,Bengaluru City,Indiranagar PS,PSI Hanumantha Udupa
1841,Joseph Salian,27,"Kadri, Mangaluru",1664,Male,P-1741,,,,,
1842,Gagan Iyengar,35,"Tumakuru Town, Tumakuru",1665,Male,P-1742,,,,,
1843,Vijay Amin,44,"Tumakuru Town, Tumakuru",1665,Male,P-1743,,,,,
1844,Nagaraj Sequeira,40,"Yeshwanthpur, Bengaluru City",1666,Male,P-1744,2026-02-07,Karnataka,Bengaluru City,Indiranagar PS,PSI Pavan Pai
1845,Syed Reddy,25,"Cowl Bazar, Ballari",1667,Male,P-1745,2026-01-13,Karnataka,Ballari,Toranagallu PS,PSI Basavaraj Udupa
1846,Abhishek Swamy,25,"Cowl Bazar, Ballari",1667,Male,P-1746,2026-02-09,Karnataka,Ballari,Toranagallu PS,DySP Kiran Biradar
1847,Gagan Kamath,50,"Devaraja, Mysuru",1668,Male,P-1747,2026-02-10,Karnataka,Mysuru,Lashkar PS,ASI Sanjay Deshpande
1848,Naveen Chavan,28,"Devaraja, Mysuru",1668,Male,P-1748,2026-02-25,Karnataka,Mysuru,Lashkar PS,PSI Manjunath Biradar
1849,Girish Poojary,31,"Devaraja, Mysuru",1668,Male,P-1749,2026-01-23,Karnataka,Mysuru,Lashkar PS,ASI Sanjay Deshpande
1850,Krishna Madiwal,30,"Manipal, Udupi",1670,Male,P-1750,2026-02-09,Karnataka,Udupi,Malpe PS,ASI Wilson Swamy
1851,Mahesh Murthy,25,"Toranagallu, Ballari",1672,Male,P-1751,2026-02-09,Karnataka,Ballari,Cowl Bazar PS,SI Krishna DSouza
1852,Siddaraju Alva,21,"Cowl Bazar, Ballari",1674,Male,P-1752,2026-01-19,Karnataka,Ballari,Toranagallu PS,ASI Farhan Deshpande
1853,Hema Prabhu,29,"Doddapete, Shivamogga",1675,Female,P-1753,,,,,
1854,Nithin Pasha,21,"Cubbon Park, Bengaluru City",1676,Male,P-1754,,,,,
1855,Irfan Rai,43,"Indiranagar, Bengaluru City",1677,Male,P-1755,,,,,
1856,Peter Biradar,45,"Surathkal, Mangaluru",1680,Male,P-1756,2026-03-08,Karnataka,Mangaluru,Ullal PS,ASI Krishna Kattimani
1857,Abdul Baig,37,"Surathkal, Mangaluru",1680,Male,P-1757,2026-02-07,Karnataka,Mangaluru,Ullal PS,PSI Shankar Poojary
1858,Salma Patil,50,"Nittuvalli, Davanagere",1684,Female,P-1758,2026-02-07,Karnataka,Davanagere,Bethur Road PS,Inspector Sanjay Pawar
1859,Sudeep Pai,44,"Nittuvalli, Davanagere",1684,Male,P-1759,2026-01-17,Karnataka,Davanagere,Bethur Road PS,Inspector Sanjay Pinto
1860,Radha Sequeira,28,"Nittuvalli, Davanagere",1684,Female,P-1760,2026-01-12,Karnataka,Davanagere,Bethur Road PS,DySP Girish Kamath
1861,Raghavendra Salian,28,"Azad Nagar, Davanagere",1685,Male,P-1761,2026-03-04,Karnataka,Davanagere,KTJ Nagar PS,ASI Wilson Udupa
1862,Jagadish Adiga,31,"Dharwad Town, Hubballi-Dharwad",1686,Male,P-1762,,,,,
1863,Chetan Shinde,21,"Kote, Shivamogga",1687,Male,P-1763,,,,,
1864,Abdul Iyengar,48,"Gokul Road, Hubballi-Dharwad",1688,Male,P-1764,,,,,
1865,Wilson Pasha,35,"Gokul Road, Hubballi-Dharwad",1688,Male,P-1765,2026-02-05,Karnataka,Hubballi-Dharwad,Vidyanagar PS,ASI Jagadish Alva
1866,Bharath Kamat,40,"Kuvempunagar, Mysuru",1689,Male,P-1766,,,,,
1867,Joseph Khan,24,"Gandhi Chowk, Vijayapura",1690,Male,P-1767,,,,,
1868,Sudeep Pai,36,"Tilakwadi, Belagavi",1692,Male,P-0044,,,,,
1869,Sandhya Hegde,49,"Cubbon Park, Bengaluru City",1693,Female,P-1768,2026-03-12,Karnataka,Bengaluru City,Whitefield PS,SI Pallavi Sait
1870,Rakesh Shanbhag,43,"Saraswathipuram, Mysuru",1694,Male,P-1769,,,,,
1871,Naveen Jadhav,49,"Kadri, Mangaluru",1695,Male,P-1770,,,,,
1872,Gopal Fernandes,45,"Tilak Nagar, Shivamogga",1696,Male,P-0061,2026-02-06,Karnataka,Shivamogga,Kote PS,SI Nagaraj Kamath
1873,Imran Amin,32,"Whitefield, Bengaluru City",1697,Male,P-1771,2026-01-23,Karnataka,Bengaluru City,Cubbon Park PS,PSI Joseph Prabhu
1874,Satish Iyengar,27,"Khade Bazar, Belagavi",1698,Male,P-1772,,,,,
1875,Vijay Amin,27,"Khade Bazar, Belagavi",1698,Male,P-1773,,,,,
1876,Peter Moily,48,"Koramangala, Bengaluru City",1699,Male,P-1774,,,,,
1877,Yash Deshpande,26,"Jayanagar, Bengaluru City",1700,Male,P-1775,,,,,
1878,Siddaraju Swamy,45,"Vidyanagar, Hubballi-Dharwad",1701,Male,P-1776,2026-02-09,Karnataka,Hubballi-Dharwad,Old Hubballi PS,PSI Rakesh Sheikh
1879,Sudeep Achar,40,"Vidyanagar, Hubballi-Dharwad",1701,Male,P-1777,2026-03-04,Karnataka,Hubballi-Dharwad,Old Hubballi PS,ASI Asha Bangera
1880,Jagadish Fernandes,45,"Vidyanagar, Hubballi-Dharwad",1701,Male,P-1778,2026-03-03,Karnataka,Hubballi-Dharwad,Old Hubballi PS,ASI Vikram Swamy
1881,Suresh Fernandes,39,"Pension Mohalla, Hassan",1704,Male,P-0062,,,,,
1882,Gagan Pasha,21,"Pension Mohalla, Hassan",1704,Male,P-1779,,,,,
1883,Bhavya Amin,26,"Kuvempunagar, Mysuru",1705,Female,P-1780,2026-02-24,Karnataka,Mysuru,Devaraja PS,ASI Wilson Ballal
1884,Ganesh Patil,49,"Indiranagar, Bengaluru City",1706,Male,P-1781,,,,,
1885,Srinivas Murthy,39,"MSK Mill, Kalaburagi",1707,Male,P-1782,2026-03-14,Karnataka,Kalaburagi,Brahmpur PS,ASI Praveen Ballal
1886,Riyaz Salian,39,"Station Bazar, Kalaburagi",1708,Male,P-1783,2026-02-12,Karnataka,Kalaburagi,Chowk PS,ASI Charan Swamy
1887,Uma Chavan,23,"Station Bazar, Kalaburagi",1708,Female,P-1784,2026-02-23,Karnataka,Kalaburagi,Chowk PS,ASI Charan Swamy
1888,Prakash Reddy,50,"Antharasanahalli, Tumakuru",1709,Male,P-1785,2026-02-04,Karnataka,Tumakuru,Sira Gate PS,SI Geetha Kamath
1889,Krishna Achar,25,"Antharasanahalli, Tumakuru",1709,Male,P-1786,,,,,
1890,Kiran Ballal,29,"Gandhi Chowk, Vijayapura",1710,Male,P-1787,2026-01-25,Karnataka,Vijayapura,Station Road PS,DySP Vinod Ballal
1891,Harish Jadhav,22,"Tumakuru Town, Tumakuru",1712,Male,P-1788,,,,,
1892,Abhishek Kattimani,27,"KTJ Nagar, Davanagere",1713,Male,P-1789,,,,,
1893,Murali Prabhu,38,"Yeshwanthpur, Bengaluru City",1715,Male,P-0007,,,,,
1894,Gopal Deshpande,37,"Yeshwanthpur, Bengaluru City",1715,Male,P-0006,2026-03-20,Karnataka,Bengaluru City,Cubbon Park PS,PSI Nagaraj Murthy
1895,Girish Karanth,25,"Yeshwanthpur, Bengaluru City",1715,Male,P-0009,2026-02-19,Karnataka,Bengaluru City,Cubbon Park PS,PSI Venkatesh Sharma
1896,Murali Rao,25,"Yeshwanthpur, Bengaluru City",1715,Male,P-0008,,,,,
1897,Thomas Kamat,37,"Whitefield, Bengaluru City",1717,Male,P-1790,2026-03-14,Karnataka,Bengaluru City,Cubbon Park PS,PSI Joseph Prabhu
1898,Dinesh Kumar,48,"Whitefield, Bengaluru City",1717,Male,P-1791,2026-02-05,Karnataka,Bengaluru City,Cubbon Park PS,SI Shivakumar Pinto
1899,Umesh DSouza,30,"Whitefield, Bengaluru City",1717,Male,P-1792,,,,,
1900,Sagar Puthran,44,"Bidadi, Ramanagara",1719,Male,P-1793,2026-03-20,Karnataka,Ramanagara,Ramanagara Town PS,SI Ajay Angadi
1901,Riyaz Biradar,26,"Kampli Road, Ballari",1720,Male,P-1794,2026-03-03,Karnataka,Ballari,Cowl Bazar PS,PSI Swathi Shetty
1902,Prakash Salian,22,"Kampli Road, Ballari",1720,Male,P-1795,2026-01-27,Karnataka,Ballari,Cowl Bazar PS,PSI Jagadish Pinto
1903,Pallavi Sait,50,"Old Hubballi, Hubballi-Dharwad",1721,Female,P-1796,2026-02-27,Karnataka,Hubballi-Dharwad,Gokul Road PS,PSI Charan Alva
1904,Abhishek Amin,37,"Hassan Town, Hassan",1722,Male,P-0070,2026-03-26,Karnataka,Hassan,Salagame Road PS,ASI Mustafa Karanth
1905,Yashoda Sait,42,"Yeshwanthpur, Bengaluru City",1723,Female,P-1797,2026-01-31,Karnataka,Bengaluru City,Koramangala PS,PSI Lakshmi Hiremath
1906,Vinod Kotian,29,"Devaraja, Mysuru",1726,Male,P-1798,,,,,
1907,Gowri Devadiga,32,"Hassan Town, Hassan",1727,Female,P-1799,,,,,
1908,Anil Madiwal,28,"Hassan Town, Hassan",1727,Male,P-1800,2026-03-18,Karnataka,Hassan,Pension Mohalla PS,DySP Anil Nayak
1909,Harish Kamat,35,"Malpe, Udupi",1728,Male,P-1801,2026-03-15,Karnataka,Udupi,Manipal PS,PSI Savitha Joshi
1910,Charan Shetty,40,"Malpe, Udupi",1728,Male,P-1802,2026-02-13,Karnataka,Udupi,Manipal PS,SI Venkatesh Adiga
1911,Praveen Acharya,25,"Jayanagar, Bengaluru City",1729,Male,P-1803,,,,,
1912,Hanumantha Sait,42,"Kuvempunagar, Mysuru",1730,Male,P-1804,2026-02-24,Karnataka,Mysuru,Devaraja PS,ASI Madhu Kattimani
1913,Vanitha Chavan,45,"Panambur, Mangaluru",1731,Female,P-1805,2026-03-14,Karnataka,Mangaluru,Ullal PS,SI Irfan Deshpande
1914,Ganesh Gowda,28,"Antharasanahalli, Tumakuru",1733,Male,P-1806,,,,,
1915,Suresh Fernandes,39,"Saraswathipuram, Mysuru",1736,Male,P-0062,2026-03-04,Karnataka,Mysuru,Lashkar PS,SI Shankar Hegde
1916,Chetan Shanbhag,34,"Indiranagar, Bengaluru City",1737,Male,P-1807,,,,,
1917,Harish Pasha,38,"Kote, Shivamogga",1738,Male,P-1808,,,,,
1918,Nagaraj Adiga,36,"Station Bazar, Kalaburagi",1739,Male,P-1809,,,,,
1919,Suresh Lobo,30,"Indiranagar, Bengaluru City",1740,Male,P-1810,,,,,
1920,Karthik Hegde,32,"Hassan Town, Hassan",1741,Male,P-1811,2026-03-17,Karnataka,Hassan,Salagame Road PS,ASI Mustafa Karanth
1921,Gagan Angadi,43,"Jayanagar, Bengaluru City",1742,Male,P-1812,2026-02-16,Karnataka,Bengaluru City,Yeshwanthpur PS,ASI Irfan Udupa
1922,Pavan Fernandes,50,"Jayanagar, Bengaluru City",1742,Male,P-1813,,,,,
1923,Karthik Sait,48,"Ullal, Mangaluru",1743,Male,P-1814,2026-02-11,Karnataka,Mangaluru,Kadri PS,DySP Venkatesh Reddy
1924,Ajay Acharya,29,"Yeshwanthpur, Bengaluru City",1744,Male,P-1815,2026-02-26,Karnataka,Bengaluru City,Jayanagar PS,Inspector Umesh Hiremath
1925,Ramesh DSouza,35,"Yeshwanthpur, Bengaluru City",1744,Male,P-1816,2026-02-07,Karnataka,Bengaluru City,Jayanagar PS,SI Ambika Kamat
1926,Sudeep Swamy,37,"Kyathsandra, Tumakuru",1745,Male,P-1817,2026-03-09,Karnataka,Tumakuru,Antharasanahalli PS,ASI Kiran Alva
1927,Vinod Chavan,26,"Kyathsandra, Tumakuru",1745,Male,P-1818,2026-03-19,Karnataka,Tumakuru,Antharasanahalli PS,ASI Spandana Sequeira
1928,Anand Biradar,39,"Kuvempunagar, Mysuru",1746,Male,P-1819,2026-02-17,Karnataka,Mysuru,Saraswathipuram PS,ASI Rekha Naik
1929,Jagadish Achar,39,"Adarsh Nagar, Vijayapura",1748,Male,P-1820,,,,,
1930,Nandini Reddy,30,"Kadri, Mangaluru",1749,Female,P-1821,,,,,
1931,Ganesh Moily,29,"Kadri, Mangaluru",1749,Male,P-1822,2026-04-05,Karnataka,Mangaluru,Barke PS,Inspector Hema Pasha
1932,Arun Rai,31,"Chowk, Kalaburagi",1750,Male,P-1823,2026-03-29,Karnataka,Kalaburagi,Station Bazar PS,PSI Joseph Udupa
1933,Girish Joshi,27,"Chowk, Kalaburagi",1750,Male,P-1824,2026-04-03,Karnataka,Kalaburagi,Station Bazar PS,ASI Satish Sharma
1934,Abdul Kumar,26,"Koramangala, Bengaluru City",1751,Male,P-1825,2026-03-10,Karnataka,Bengaluru City,Indiranagar PS,PSI Vikram Sharma
1935,Riyaz Prabhu,39,"Koramangala, Bengaluru City",1751,Male,P-1826,2026-04-06,Karnataka,Bengaluru City,Indiranagar PS,PSI Vikram Sharma
1936,Naveen Sait,40,"MSK Mill, Kalaburagi",1752,Male,P-1827,,,,,
1937,Riyaz Joshi,47,"Bidadi, Ramanagara",1754,Male,P-1828,2026-03-04,Karnataka,Ramanagara,Channapatna PS,ASI Siddaraju Pawar
1938,Sudeep Karanth,39,"Gokul Road, Hubballi-Dharwad",1755,Male,P-1829,,,,,
1939,Hanumantha Sheikh,28,"Old Hubballi, Hubballi-Dharwad",1756,Male,P-1830,2026-03-17,Karnataka,Hubballi-Dharwad,Gokul Road PS,PSI Charan Alva
1940,Anand Pai,45,"Devaraja, Mysuru",1757,Male,P-1831,2026-02-26,Karnataka,Mysuru,Lashkar PS,PSI Manjunath Biradar
1941,Abhishek Acharya,50,"Gokul Road, Hubballi-Dharwad",1758,Male,P-1832,2026-03-28,Karnataka,Hubballi-Dharwad,Dharwad Town PS,SI Arun Sheikh
1942,Naveen Bhat,37,"Jorapur Peth, Vijayapura",1759,Male,P-1833,2026-03-19,Karnataka,Vijayapura,Gandhi Chowk PS,PSI Manjunath Rao
1943,Satish Gowda,40,"Jorapur Peth, Vijayapura",1759,Male,P-1834,2026-03-29,Karnataka,Vijayapura,Gandhi Chowk PS,PSI Manjunath Rao
1944,Girish Moily,38,"Tilakwadi, Belagavi",1760,Male,P-1835,,,,,
1945,Latha Achar,35,"Tilakwadi, Belagavi",1760,Female,P-1836,2026-03-20,Karnataka,Belagavi,Khade Bazar PS,Inspector Shivakumar Joshi
1946,Wilson Patil,44,"Station Road, Vijayapura",1761,Male,P-1837,2026-03-29,Karnataka,Vijayapura,Gandhi Chowk PS,SI Peter Jadhav
1947,Salman Khan,23,"Ramanagara Town, Ramanagara",1764,Male,P-1838,2026-03-15,Karnataka,Ramanagara,Kanakapura Road PS,SI Krishna Achar
1948,Rekha Baig,43,"Chowk, Kalaburagi",1765,Female,P-1839,,,,,
1949,Darshan Chavan,29,"Koramangala, Bengaluru City",1767,Male,P-1840,2026-03-14,Karnataka,Bengaluru City,Yeshwanthpur PS,PSI Anand Poojary
1950,Rohan Devadiga,50,"Kaup, Udupi",1768,Male,P-1841,2026-02-25,Karnataka,Udupi,Udupi Town PS,PSI Fathima Hegde
1951,Shankar Naik,33,"Kaup, Udupi",1768,Male,P-1842,,,,,
1952,Siddaraju Acharya,46,"Kaup, Udupi",1768,Male,P-1843,,,,,
1953,Prakash Shetty,41,"Kuvempunagar, Mysuru",1769,Male,P-1844,,,,,
1954,Gagan Kini,24,"Saraswathipuram, Mysuru",1771,Male,P-1845,,,,,
1955,Ravi Shanbhag,46,"Saraswathipuram, Mysuru",1771,Male,P-1846,,,,,
1956,Nagaraj Reddy,32,"Saraswathipuram, Mysuru",1771,Male,P-1847,,,,,
1957,Anil Kamat,30,"Koramangala, Bengaluru City",1772,Male,P-1848,,,,,
1958,Krishna Puthran,38,"Panambur, Mangaluru",1774,Male,P-1849,2026-03-07,Karnataka,Mangaluru,Barke PS,PSI Anand Hegde
1959,Meghana Kattimani,21,"Surathkal, Mangaluru",1775,Female,P-1850,,,,,
1960,Manjunath Rao,28,"Cubbon Park, Bengaluru City",1777,Male,P-1851,,,,,
1961,Chandru Biradar,38,"Cubbon Park, Bengaluru City",1777,Male,P-1852,,,,,
1962,Nithin Salian,25,"Chowk, Kalaburagi",1778,Male,P-1853,,,,,
1963,Nagaraj Karanth,26,"Panambur, Mangaluru",1779,Male,P-1854,,,,,
1964,Satish Baig,49,"Koramangala, Bengaluru City",1781,Male,P-1855,2026-04-03,Karnataka,Bengaluru City,Yeshwanthpur PS,ASI Bharath Bangera
1965,Asha Kulkarni,35,"Indiranagar, Bengaluru City",1784,Female,P-1856,2026-04-03,Karnataka,Bengaluru City,Koramangala PS,DySP Suresh Kulkarni
1966,Rajesh Puthran,40,"Sira Gate, Tumakuru",1787,Male,P-1857,2026-03-07,Karnataka,Tumakuru,Tumakuru Town PS,Inspector Bharath Kamath
1967,Hema Alva,33,"Yeshwanthpur, Bengaluru City",1788,Female,P-1858,2026-02-27,Karnataka,Bengaluru City,Whitefield PS,SI Girish Hegde
1968,Yash Nayak,29,"Yeshwanthpur, Bengaluru City",1788,Male,P-1859,2026-04-16,Karnataka,Bengaluru City,Whitefield PS,DySP Vinod Shetty
1969,Ajay Rao,50,"Adarsh Nagar, Vijayapura",1789,Male,P-1860,,,,,
1970,Umesh Sharma,24,"KTJ Nagar, Davanagere",1791,Male,P-1861,2026-04-15,Karnataka,Davanagere,Azad Nagar PS,Inspector Syed Murthy
1971,Arun Alva,38,"Jayanagar, Bengaluru City",1794,Male,P-1862,2026-03-29,Karnataka,Bengaluru City,Whitefield PS,PSI Santhosh Bangera
1972,Santhosh Patil,43,"Indiranagar, Bengaluru City",1795,Male,P-1863,2026-03-27,Karnataka,Bengaluru City,Koramangala PS,ASI Manjunath Pasha
1973,Syed Nayak,24,"Indiranagar, Bengaluru City",1795,Male,P-1864,,,,,
1974,Chetan Shinde,30,"Khade Bazar, Belagavi",1796,Male,P-1865,,,,,
1975,Naveen Poojary,28,"Khade Bazar, Belagavi",1796,Male,P-1866,,,,,
1976,Chaitra Jadhav,32,"Whitefield, Bengaluru City",1797,Female,P-1867,2026-03-18,Karnataka,Bengaluru City,Indiranagar PS,ASI Syed Shetty
1977,Joseph Puthran,23,"Whitefield, Bengaluru City",1797,Male,P-1868,2026-03-01,Karnataka,Bengaluru City,Indiranagar PS,SI Nisha Acharya
1978,Mustafa Madiwal,22,"Devaraja, Mysuru",1798,Male,P-1869,2026-03-15,Karnataka,Mysuru,Saraswathipuram PS,ASI Rohan Pawar
1979,Mustafa Pai,49,"Devaraja, Mysuru",1798,Male,P-1870,,,,,
1980,Rakesh Joshi,35,"Kote, Shivamogga",1799,Male,P-1871,,,,,
1981,Dinesh Deshpande,25,"Yeshwanthpur, Bengaluru City",1800,Male,P-1872,2026-02-20,Karnataka,Bengaluru City,Koramangala PS,DySP Suresh Kulkarni
1982,Ajay Achar,22,"Yeshwanthpur, Bengaluru City",1800,Male,P-1873,,,,,
1983,Satish Sait,38,"Indiranagar, Bengaluru City",1804,Male,P-1874,,,,,
1984,Nithin Shinde,34,"Indiranagar, Bengaluru City",1804,Male,P-1875,2026-03-17,Karnataka,Bengaluru City,Whitefield PS,SI Ajay Patil
1985,Yash Adiga,34,"Nittuvalli, Davanagere",1805,Male,P-1876,2026-03-24,Karnataka,Davanagere,Azad Nagar PS,PSI Shruthi Khan
1986,Shankar Kini,37,"Nittuvalli, Davanagere",1805,Male,P-1877,,,,,
1987,Madhu Karanth,42,"Azad Nagar, Davanagere",1806,Male,P-0046,2026-03-21,Karnataka,Davanagere,Bethur Road PS,ASI Gagan Jadhav
1988,Radha Iyengar,27,"Khade Bazar, Belagavi",1807,Female,P-1878,,,,,
1989,Raghavendra Deshpande,46,"Dharwad Town, Hubballi-Dharwad",1808,Male,P-1879,2026-03-15,Karnataka,Hubballi-Dharwad,Vidyanagar PS,Inspector Chetan Hegde
1990,Naveen Khan,47,"Dharwad Town, Hubballi-Dharwad",1808,Male,P-1880,,,,,
1991,Arun Pawar,26,"Sira Gate, Tumakuru",1811,Male,P-1881,,,,,
1992,Nagaraj Kumar,48,"Vinoba Nagar, Shivamogga",1813,Male,P-1882,,,,,
1993,Sudeep Kini,48,"Whitefield, Bengaluru City",1814,Male,P-1883,2026-02-24,Karnataka,Bengaluru City,Koramangala PS,DySP Suresh Kulkarni
1994,Naveen Iyer,42,"Whitefield, Bengaluru City",1814,Male,P-1884,2026-03-15,Karnataka,Bengaluru City,Koramangala PS,PSI Lakshmi Hiremath
1995,Girish Alva,30,"Whitefield, Bengaluru City",1814,Male,P-1885,2026-03-30,Karnataka,Bengaluru City,Koramangala PS,SI Bhavya Kamath
1996,Arun Kini,46,"Barke, Mangaluru",1815,Male,P-1886,,,,,
1997,Syed Iyer,50,"Jayanagar, Bengaluru City",1816,Male,P-1887,,,,,
1998,Srinivas Sait,50,"Jayanagar, Bengaluru City",1816,Male,P-1888,2026-03-26,Karnataka,Bengaluru City,Yeshwanthpur PS,ASI Bharath Bangera
1999,Sunil Shetty,38,"Kanakapura Road, Ramanagara",1817,Male,P-1889,,,,,
2000,Rohan Hegde,31,"Kanakapura Road, Ramanagara",1817,Male,P-1890,,,,,
2001,Vikram Angadi,49,"Cubbon Park, Bengaluru City",1819,Male,P-1891,,,,,
2002,Murali Baig,25,"Cubbon Park, Bengaluru City",1819,Male,P-1892,2026-02-27,Karnataka,Bengaluru City,Koramangala PS,SI Bhavya Kamath
2003,Chetan Kumar,34,"Chowk, Kalaburagi",1821,Male,P-0041,2026-03-28,Karnataka,Kalaburagi,Brahmpur PS,DySP Jagadish Hiremath
2004,Ravi Baig,22,"Whitefield, Bengaluru City",1822,Male,P-1893,,,,,
2005,Harish Naik,49,"Cubbon Park, Bengaluru City",1823,Male,P-1894,2026-03-17,Karnataka,Bengaluru City,Whitefield PS,DySP Vinod Shetty
2006,Rajesh Khan,24,"Shahapur, Belagavi",1824,Male,P-0029,2026-03-07,Karnataka,Belagavi,Tilakwadi PS,ASI Sudeep Kamath
2007,Girish Rai,30,"Shahapur, Belagavi",1824,Male,P-0030,2026-04-12,Karnataka,Belagavi,Tilakwadi PS,Inspector Mohan DSouza
2008,Shwetha Gowda,22,"Shahapur, Belagavi",1824,Female,P-0033,,,,,
2009,Uma Shetty,39,"Shahapur, Belagavi",1824,Female,P-0031,2026-04-09,Karnataka,Belagavi,Tilakwadi PS,ASI Sudeep Kamath
2010,Riyaz Iyer,22,"Lashkar, Mysuru",1825,Male,P-1895,,,,,
2011,Jagadish Hiremath,31,"Lashkar, Mysuru",1825,Male,P-1896,,,,,
2012,Karthik Suvarna,32,"Lashkar, Mysuru",1825,Male,P-1897,,,,,
2013,Chaitra Poojary,40,"Indiranagar, Bengaluru City",1826,Female,P-0005,,,,,
2014,Dinesh Puthran,30,"Indiranagar, Bengaluru City",1826,Male,P-0003,,,,,
2015,Farhan Murthy,36,"Indiranagar, Bengaluru City",1826,Male,P-0001,,,,,
2016,Venkatesh Adiga,36,"Indiranagar, Bengaluru City",1826,Male,P-0002,2026-03-27,Karnataka,Bengaluru City,Koramangala PS,ASI Manjunath Pasha
2017,Hanumantha Naik,45,"Indiranagar, Bengaluru City",1826,Male,P-1898,,,,,
2018,Riyaz Fernandes,44,"Gokul Road, Hubballi-Dharwad",1829,Male,P-1899,,,,,
2019,Raghavendra Baig,36,"Cubbon Park, Bengaluru City",1830,Male,P-1900,2026-03-07,Karnataka,Bengaluru City,Indiranagar PS,PSI Sunil Sheikh
2020,Kiran Biradar,40,"Manipal, Udupi",1831,Male,P-0058,2026-03-31,Karnataka,Udupi,Malpe PS,ASI Wilson Swamy
2021,Imran Khan,40,"Station Bazar, Kalaburagi",1832,Male,P-1901,2026-03-04,Karnataka,Kalaburagi,Brahmpur PS,SI Sagar Chavan
2022,Satish Achar,40,"Surathkal, Mangaluru",1833,Male,P-1902,,,,,
2023,Karthik Kamath,26,"Cubbon Park, Bengaluru City",1834,Male,P-1903,2026-03-16,Karnataka,Bengaluru City,Yeshwanthpur PS,ASI Bharath Bangera
2024,Praveen Suvarna,49,"Cubbon Park, Bengaluru City",1837,Male,P-0056,,,,,
2025,Abdul Poojary,28,"Panambur, Mangaluru",1839,Male,P-1904,,,,,
2026,Umesh Achar,23,"Hassan Town, Hassan",1840,Male,P-1905,2026-04-23,Karnataka,Hassan,Pension Mohalla PS,DySP Sagar Swamy
2027,Prakash Madiwal,25,"Hassan Town, Hassan",1840,Male,P-1906,,,,,
2028,Ravi Pinto,47,"Hassan Town, Hassan",1840,Male,P-1907,,,,,
2029,Dinesh Sheikh,41,"Hassan Town, Hassan",1840,Male,P-1908,,,,,
2030,Girish Biradar,38,"Indiranagar, Bengaluru City",1841,Male,P-1909,2026-03-03,Karnataka,Bengaluru City,Cubbon Park PS,PSI Nagaraj Murthy
2031,Chandru Iyer,47,"Indiranagar, Bengaluru City",1841,Male,P-1910,,,,,
2032,Ganesh Kamath,24,"Azad Nagar, Davanagere",1842,Male,P-1911,,,,,
2033,Jagadish Udupa,49,"Azad Nagar, Davanagere",1842,Male,P-1912,,,,,
2034,Manjula Moily,50,"Azad Nagar, Davanagere",1842,Female,P-1913,,,,,
2035,Ganesh Sheikh,44,"Azad Nagar, Davanagere",1842,Male,P-1914,,,,,
2036,Santhosh Sheikh,23,"Koramangala, Bengaluru City",1843,Male,P-1915,,,,,
2037,Anand Lobo,48,"Brahmpur, Kalaburagi",1844,Male,P-1916,,,,,
2038,Farhan Bangera,42,"Brahmpur, Kalaburagi",1844,Male,P-1917,,,,,
2039,Anand Kamat,35,"Shahapur, Belagavi",1845,Male,P-0054,2026-04-28,Karnataka,Belagavi,Camp PS,DySP Ravi Naik
2040,Srinivas Sheikh,49,"Cubbon Park, Bengaluru City",1846,Male,P-1918,2026-04-02,Karnataka,Bengaluru City,Whitefield PS,ASI Gowri Kini
2041,Karthik Salian,38,"Khade Bazar, Belagavi",1847,Male,P-1919,2026-03-22,Karnataka,Belagavi,Camp PS,DySP Ravi Naik
2042,Yash Shanbhag,48,"Khade Bazar, Belagavi",1847,Male,P-1920,,,,,
2043,Ayesha Nayak,32,"Vinoba Nagar, Shivamogga",1850,Female,P-0038,2026-04-28,Karnataka,Shivamogga,Tilak Nagar PS,ASI Peter Udupa
2044,Yash Shetty,25,"Vinoba Nagar, Shivamogga",1850,Male,P-0036,2026-04-01,Karnataka,Shivamogga,Tilak Nagar PS,SI Raghavendra DSouza
2045,Bharath Rai,39,"Vinoba Nagar, Shivamogga",1850,Male,P-0037,,,,,
2046,Siddaraju Udupa,27,"Vinoba Nagar, Shivamogga",1850,Male,P-0035,,,,,
2047,Ajay Iyer,33,"Koramangala, Bengaluru City",1851,Male,P-1921,,,,,
2048,Deepa Suvarna,47,"Devaraja, Mysuru",1854,Female,P-1922,2026-04-01,Karnataka,Mysuru,Saraswathipuram PS,PSI Lokesh Moily
2049,Shobha Chavan,23,"Devaraja, Mysuru",1854,Female,P-1923,,,,,
2050,Srinivas Kamat,29,"Cubbon Park, Bengaluru City",1855,Male,P-1924,2026-03-06,Karnataka,Bengaluru City,Jayanagar PS,ASI Bharath Iyer
2051,Abdul Swamy,43,"Saraswathipuram, Mysuru",1856,Male,P-0040,,,,,
2052,Syed Biradar,47,"Jayanagar, Bengaluru City",1857,Male,P-1925,2026-04-11,Karnataka,Bengaluru City,Yeshwanthpur PS,PSI Anand Poojary
2053,Harish Patil,43,"Whitefield, Bengaluru City",1858,Male,P-1926,2026-03-29,Karnataka,Bengaluru City,Koramangala PS,PSI Lakshmi Hiremath
2054,Vinod Pawar,22,"Kote, Shivamogga",1860,Male,P-1927,,,,,
2055,Peter Suvarna,28,"Indiranagar, Bengaluru City",1861,Male,P-1928,2026-03-31,Karnataka,Bengaluru City,Yeshwanthpur PS,ASI Bharath Bangera
2056,Girish Salian,39,"Devaraja, Mysuru",1862,Male,P-1929,,,,,
2057,Kiran Murthy,22,"Devaraja, Mysuru",1862,Male,P-1930,,,,,
2058,Swathi Pasha,38,"Kuvempunagar, Mysuru",1863,Female,P-1931,,,,,
2059,Nithin Karanth,48,"Kuvempunagar, Mysuru",1863,Male,P-1932,,,,,
2060,Irfan Lobo,27,"Kote, Shivamogga",1864,Male,P-1933,2026-05-06,Karnataka,Shivamogga,Vinoba Nagar PS,PSI Rajesh Pai
2061,Puneeth Murthy,37,"Kaup, Udupi",1865,Male,P-1934,,,,,
2062,Arun Pawar,34,"Tilakwadi, Belagavi",1866,Male,P-1935,2026-04-19,Karnataka,Belagavi,Camp PS,Inspector Santhosh Suvarna
2063,Rekha Prabhu,23,"Yeshwanthpur, Bengaluru City",1867,Female,P-1936,2026-03-25,Karnataka,Bengaluru City,Whitefield PS,PSI Santhosh Bangera
2064,Vikram Suvarna,38,"Kuvempunagar, Mysuru",1869,Male,P-1937,2026-03-20,Karnataka,Mysuru,Saraswathipuram PS,ASI Rekha Naik
2065,Raghavendra Shinde,29,"Yeshwanthpur, Bengaluru City",1871,Male,P-0022,2026-04-18,Karnataka,Bengaluru City,Jayanagar PS,DySP Anil Kini
2066,Gagan Shinde,25,"Yeshwanthpur, Bengaluru City",1871,Male,P-0024,,,,,
2067,Krishna Poojary,33,"Yeshwanthpur, Bengaluru City",1871,Male,P-0020,2026-04-17,Karnataka,Bengaluru City,Jayanagar PS,ASI Bharath Iyer
2068,Ajay Shinde,39,"Yeshwanthpur, Bengaluru City",1871,Male,P-0021,2026-04-05,Karnataka,Bengaluru City,Jayanagar PS,SI Ambika Kamat
2069,Arun Kini,28,"Koramangala, Bengaluru City",1873,Male,P-1938,,,,,
2070,Basavaraj Angadi,45,"Koramangala, Bengaluru City",1873,Male,P-1939,,,,,
2071,Naveen Kulkarni,21,"Koramangala, Bengaluru City",1873,Male,P-1940,2026-04-12,Karnataka,Bengaluru City,Jayanagar PS,SI Abdul Biradar
2072,Rajesh Sharma,35,"Kadri, Mangaluru",1874,Male,P-1941,2026-03-22,Karnataka,Mangaluru,Surathkal PS,SI Jagadish Rai
2073,Gagan Kumar,41,"Chowk, Kalaburagi",1875,Male,P-1942,2026-04-17,Karnataka,Kalaburagi,MSK Mill PS,DySP Hanumantha Khan
2074,Ravi Biradar,27,"Indiranagar, Bengaluru City",1877,Male,P-1943,,,,,
2075,Satish Sait,35,"Cubbon Park, Bengaluru City",1878,Male,P-1944,2026-04-30,Karnataka,Bengaluru City,Whitefield PS,PSI Santhosh Bangera
2076,Abdul Acharya,26,"Cubbon Park, Bengaluru City",1878,Male,P-1945,,,,,
2077,Mahesh Kulkarni,33,"Nittuvalli, Davanagere",1879,Male,P-1946,2026-05-13,Karnataka,Davanagere,Azad Nagar PS,PSI Ramesh Sait
2078,Srinivas Kulkarni,22,"Nittuvalli, Davanagere",1880,Male,P-1947,,,,,
2079,Karthik Kumar,36,"Tumakuru Town, Tumakuru",1881,Male,P-1948,2026-04-28,Karnataka,Tumakuru,Antharasanahalli PS,ASI Praveen Pasha
2080,Satish Rai,47,"Tumakuru Town, Tumakuru",1881,Male,P-1949,2026-05-13,Karnataka,Tumakuru,Antharasanahalli PS,SI Sudeep Lobo
2081,Hanumantha Acharya,25,"Manipal, Udupi",1882,Male,P-1950,2026-03-26,Karnataka,Udupi,Udupi Town PS,DySP Vanitha Achar
2082,Nithin Hegde,23,"Koramangala, Bengaluru City",1887,Male,P-1951,,,,,
2083,Vinod Biradar,49,"Devaraja, Mysuru",1889,Male,P-1952,2026-04-13,Karnataka,Mysuru,Kuvempunagar PS,ASI Basavaraj DSouza
2084,Raghavendra Bhat,46,"Koramangala, Bengaluru City",1892,Male,P-1953,,,,,
2085,Prakash Udupa,43,"Adarsh Nagar, Vijayapura",1893,Male,P-1954,2026-03-21,Karnataka,Vijayapura,Station Road PS,Inspector Santhosh Devadiga
2086,Hanumantha Suvarna,29,"Jorapur Peth, Vijayapura",1894,Male,P-1955,,,,,
2087,Dinesh Puthran,30,"Cubbon Park, Bengaluru City",1895,Male,P-0003,2026-05-18,Karnataka,Bengaluru City,Whitefield PS,PSI Santhosh Bangera
2088,Santhosh Hiremath,30,"Cubbon Park, Bengaluru City",1895,Male,P-0004,2026-04-28,Karnataka,Bengaluru City,Whitefield PS,SI Pallavi Sait
2089,Chaitra Poojary,40,"Cubbon Park, Bengaluru City",1895,Female,P-0005,,,,,
2090,Venkatesh Adiga,36,"Cubbon Park, Bengaluru City",1895,Male,P-0002,2026-04-24,Karnataka,Bengaluru City,Whitefield PS,DySP Vinod Shetty
2091,Mahesh Sheikh,35,"Ramanagara Town, Ramanagara",1899,Male,P-1956,2026-04-13,Karnataka,Ramanagara,Bidadi PS,PSI Puneeth Kamath
2092,Dinesh Bhat,49,"Ramanagara Town, Ramanagara",1899,Male,P-1957,,,,,
2093,Pallavi Shinde,27,"Ramanagara Town, Ramanagara",1899,Female,P-1958,,,,,
2094,Mohan Murthy,41,"Yeshwanthpur, Bengaluru City",1900,Male,P-1959,2026-05-13,Karnataka,Bengaluru City,Koramangala PS,SI Bhavya Kamath
2095,Syed Sait,47,"Vidyanagar, Hubballi-Dharwad",1901,Male,P-1960,,,,,
2096,Sanjay Shinde,38,"Chowk, Kalaburagi",1902,Male,P-1961,2026-04-26,Karnataka,Kalaburagi,Station Bazar PS,ASI Satish Sharma
2097,Irfan Kulkarni,43,"Brahmpur, Kalaburagi",1903,Male,P-1962,2026-04-23,Karnataka,Kalaburagi,Station Bazar PS,ASI Rekha DSouza
2098,Lokesh Sharma,23,"Whitefield, Bengaluru City",1904,Male,P-0066,,,,,
2099,Satish Joshi,21,"Saraswathipuram, Mysuru",1906,Male,P-1963,,,,,
2100,Karthik Kumar,49,"Saraswathipuram, Mysuru",1906,Male,P-1964,,,,,
2101,Vinod Kattimani,44,"Cubbon Park, Bengaluru City",1907,Male,P-1965,2026-05-22,Karnataka,Bengaluru City,Whitefield PS,SI Girish Hegde
2102,Sudeep Karanth,50,"Station Road, Vijayapura",1908,Male,P-1966,,,,,
2103,Peter Amin,48,"Bruce Pete, Ballari",1909,Male,P-1967,2026-05-08,Karnataka,Ballari,Cowl Bazar PS,SI Madhu Alva
2104,Naveen Sheikh,46,"Vinoba Nagar, Shivamogga",1910,Male,P-1968,2026-04-04,Karnataka,Shivamogga,Tilak Nagar PS,Inspector Farhan Pinto
2105,Abhishek Patil,21,"Vinoba Nagar, Shivamogga",1910,Male,P-1969,2026-04-04,Karnataka,Shivamogga,Tilak Nagar PS,SI Siddaraju Hiremath
2106,Joseph Naik,44,"Tilak Nagar, Shivamogga",1911,Male,P-1970,2026-04-16,Karnataka,Shivamogga,Kote PS,DySP Suresh Acharya
2107,Anil Hiremath,29,"Indiranagar, Bengaluru City",1912,Male,P-0039,2026-04-08,Karnataka,Bengaluru City,Cubbon Park PS,SI Shivakumar Pinto
2108,Siddaraju Udupa,25,"Whitefield, Bengaluru City",1914,Male,P-1971,,,,,
2109,Ramesh Acharya,26,"Whitefield, Bengaluru City",1914,Male,P-1972,,,,,
2110,Prakash Alva,23,"Tilakwadi, Belagavi",1915,Male,P-1973,2026-03-30,Karnataka,Belagavi,Shahapur PS,DySP Bhagya Karanth
2111,Swathi Jadhav,33,"Whitefield, Bengaluru City",1916,Female,P-1974,2026-05-27,Karnataka,Bengaluru City,Koramangala PS,DySP Suresh Kulkarni
2112,Shivakumar Jadhav,38,"Station Road, Vijayapura",1917,Male,P-1975,,,,,
2113,Manjunath Acharya,44,"Kote, Shivamogga",1918,Male,P-1976,2026-05-23,Karnataka,Shivamogga,Vinoba Nagar PS,ASI Raghavendra Lobo
2114,Vinod Devadiga,37,"Malpe, Udupi",1919,Male,P-1977,2026-05-06,Karnataka,Udupi,Kaup PS,SI Harish Jadhav
2115,Harish Pinto,40,"Malpe, Udupi",1919,Male,P-1978,2026-03-29,Karnataka,Udupi,Kaup PS,SI Satish Kotian
2116,Rakesh Devadiga,47,"Yeshwanthpur, Bengaluru City",1920,Male,P-1979,2026-04-07,Karnataka,Bengaluru City,Whitefield PS,ASI Gowri Kini
2117,Pavan Swamy,21,"Khade Bazar, Belagavi",1921,Male,P-1980,2026-05-20,Karnataka,Belagavi,Shahapur PS,PSI Venkatesh Chavan
2118,Basavaraj Patil,45,"Jayanagar, Bengaluru City",1922,Male,P-1981,,,,,
2119,Sagar Naik,23,"Khade Bazar, Belagavi",1923,Male,P-1982,2026-05-26,Karnataka,Belagavi,Camp PS,Inspector Santhosh Suvarna
2120,Santhosh Kulkarni,41,"Khade Bazar, Belagavi",1923,Male,P-1983,2026-04-23,Karnataka,Belagavi,Camp PS,PSI Dinesh Sait
2121,Vikram Salian,27,"Yeshwanthpur, Bengaluru City",1926,Male,P-1984,2026-05-01,Karnataka,Bengaluru City,Whitefield PS,PSI Santhosh Bangera
2122,Santhosh Madiwal,22,"Vidyanagar, Hubballi-Dharwad",1928,Male,P-1985,,,,,
2123,Harish Udupa,25,"Vidyanagar, Hubballi-Dharwad",1928,Male,P-1986,2026-04-28,Karnataka,Hubballi-Dharwad,Old Hubballi PS,PSI Harish Achar
2124,Ajay DSouza,40,"Indiranagar, Bengaluru City",1930,Male,P-1987,,,,,
2125,Salman Udupa,23,"Indiranagar, Bengaluru City",1930,Male,P-1988,2026-05-16,Karnataka,Bengaluru City,Whitefield PS,ASI Gowri Kini
2126,Uma Rai,47,"Indiranagar, Bengaluru City",1930,Female,P-1989,,,,,
2127,Praveen Suvarna,49,"Cubbon Park, Bengaluru City",1931,Male,P-0056,2026-04-12,Karnataka,Bengaluru City,Koramangala PS,PSI Lakshmi Hiremath
2128,Deepa Deshpande,27,"Old Hubballi, Hubballi-Dharwad",1932,Female,P-0032,2026-04-05,Karnataka,Hubballi-Dharwad,Dharwad Town PS,SI Ramesh Acharya
2129,Rajesh Khan,24,"Old Hubballi, Hubballi-Dharwad",1932,Male,P-0029,,,,,
2130,Vijay Shinde,30,"Old Hubballi, Hubballi-Dharwad",1932,Male,P-1990,2026-05-20,Karnataka,Hubballi-Dharwad,Dharwad Town PS,PSI Navya Joshi
2131,Ajay Ballal,29,"Whitefield, Bengaluru City",1934,Male,P-1991,2026-05-02,Karnataka,Bengaluru City,Koramangala PS,ASI Manjunath Pasha
2132,Nagaraj Naik,38,"Whitefield, Bengaluru City",1934,Male,P-1992,2026-03-30,Karnataka,Bengaluru City,Koramangala PS,Inspector Farhan Sharma
2133,Shivakumar Bhat,34,"Bidadi, Ramanagara",1936,Male,P-1993,,,,,
2134,Karthik Alva,24,"Bidadi, Ramanagara",1936,Male,P-1994,2026-05-29,Karnataka,Ramanagara,Kanakapura Road PS,Inspector Raghavendra Swamy
2135,Rajesh Amin,36,"Bruce Pete, Ballari",1938,Male,P-1995,,,,,
2136,Sunil Moily,30,"Bruce Pete, Ballari",1938,Male,P-1996,2026-05-24,Karnataka,Ballari,Cowl Bazar PS,SI Madhu Alva
2137,Santhosh Khan,34,"Bruce Pete, Ballari",1938,Male,P-1997,,,,,
2138,Vikram Adiga,29,"Bethur Road, Davanagere",1939,Male,P-1998,2026-05-31,Karnataka,Davanagere,KTJ Nagar PS,DySP Priya Prabhu
2139,Murali Karanth,23,"Bethur Road, Davanagere",1939,Male,P-1999,2026-04-24,Karnataka,Davanagere,KTJ Nagar PS,PSI Mohan Sheikh
2140,Suresh Shanbhag,26,"Kanakapura Road, Ramanagara",1941,Male,P-2000,,,,,
2141,Anand Puthran,40,"Kanakapura Road, Ramanagara",1941,Male,P-2001,2026-05-17,Karnataka,Ramanagara,Bidadi PS,SI Raghavendra Bhat
2142,Irfan Shanbhag,45,"Antharasanahalli, Tumakuru",1944,Male,P-2002,,,,,
2143,Mahesh Iyengar,33,"Antharasanahalli, Tumakuru",1944,Male,P-2003,2026-06-01,Karnataka,Tumakuru,Tumakuru Town PS,SI Riyaz Sheikh
2144,Mahesh Moily,28,"Indiranagar, Bengaluru City",1945,Male,P-2004,,,,,
2145,Rakesh Kumar,23,"Cubbon Park, Bengaluru City",1946,Male,P-2005,2026-05-27,Karnataka,Bengaluru City,Whitefield PS,SI Ajay Patil
2146,Raghavendra Lobo,49,"Saraswathipuram, Mysuru",1948,Male,P-2006,,,,,
2147,Nithin Deshpande,35,"Tumakuru Town, Tumakuru",1949,Male,P-2007,2026-05-24,Karnataka,Tumakuru,Antharasanahalli PS,SI Sudeep Lobo
2148,Mahesh Acharya,47,"Indiranagar, Bengaluru City",1950,Male,P-2008,2026-05-20,Karnataka,Bengaluru City,Koramangala PS,SI Bhavya Kamath
2149,Girish Karanth,25,"Koramangala, Bengaluru City",1951,Male,P-0009,,,,,
2150,Gopal Deshpande,37,"Koramangala, Bengaluru City",1951,Male,P-0006,,,,,
2151,Murali Prabhu,38,"Koramangala, Bengaluru City",1951,Male,P-0007,,,,,
2152,Abhishek Amin,33,"Whitefield, Bengaluru City",1956,Male,P-2009,,,,,
2153,Nagaraj Poojary,22,"Pension Mohalla, Hassan",1958,Male,P-2010,2026-04-25,Karnataka,Hassan,Salagame Road PS,PSI Girish Moily
2154,Anand Swamy,27,"Udupi Town, Udupi",1960,Male,P-2011,2026-05-24,Karnataka,Udupi,Kaup PS,SI Harish Jadhav
2155,Chetan Poojary,31,"Udupi Town, Udupi",1960,Male,P-2012,2026-05-03,Karnataka,Udupi,Kaup PS,Inspector Asha Suvarna
2156,Nagaraj Poojary,29,"Vidyanagar, Hubballi-Dharwad",1961,Male,P-2013,2026-05-21,Karnataka,Hubballi-Dharwad,Old Hubballi PS,ASI Vikram Swamy
2157,Chetan Karanth,29,"Vidyanagar, Hubballi-Dharwad",1961,Male,P-2014,2026-05-21,Karnataka,Hubballi-Dharwad,Old Hubballi PS,PSI Harish Achar
2158,Thomas Acharya,21,"Brahmpur, Kalaburagi",1963,Male,P-2015,2026-06-01,Karnataka,Kalaburagi,Chowk PS,SI Anil Sequeira
2159,Sagar Joshi,22,"Chowk, Kalaburagi",1964,Male,P-2016,,,,,
2160,Nandini Poojary,23,"Dharwad Town, Hubballi-Dharwad",1965,Female,P-2017,,,,,
2161,Praveen Murthy,38,"Kote, Shivamogga",1966,Male,P-2018,2026-05-14,Karnataka,Shivamogga,Vinoba Nagar PS,PSI Abdul Karanth
2162,Krishna Iyengar,50,"Antharasanahalli, Tumakuru",1968,Male,P-2019,,,,,
2163,Hema Chavan,40,"Antharasanahalli, Tumakuru",1968,Female,P-2020,,,,,
2164,Uma Shetty,39,"Tilakwadi, Belagavi",1969,Female,P-0031,,,,,
2165,Deepa Deshpande,27,"Tilakwadi, Belagavi",1969,Female,P-0032,2026-04-11,Karnataka,Belagavi,Camp PS,Inspector Nagaraj Angadi
2166,Abdul Devadiga,31,"Surathkal, Mangaluru",1972,Male,P-2021,2026-05-18,Karnataka,Mangaluru,Kadri PS,DySP Seetha Salian
2167,Shobha Chavan,25,"Koramangala, Bengaluru City",1974,Female,P-2022,2026-04-12,Karnataka,Bengaluru City,Whitefield PS,PSI Santhosh Bangera
2168,Abdul Gowda,50,"Jayanagar, Bengaluru City",1975,Male,P-2023,2026-05-23,Karnataka,Bengaluru City,Cubbon Park PS,DySP Deepa Puthran
2169,Kavitha Khan,43,"Jayanagar, Bengaluru City",1975,Female,P-2024,,,,,
2170,Chetan Bangera,26,"Bethur Road, Davanagere",1977,Male,P-2025,,,,,
2171,Abdul Swamy,43,"Devaraja, Mysuru",1978,Male,P-0040,,,,,
2172,Basavaraj Kumar,43,"KTJ Nagar, Davanagere",1979,Male,P-2026,,,,,
2173,Yash Shetty,25,"Doddapete, Shivamogga",1982,Male,P-0036,2026-05-12,Karnataka,Shivamogga,Vinoba Nagar PS,ASI Sagar Kamath
2174,Bharath Rai,39,"Doddapete, Shivamogga",1982,Male,P-0037,2026-04-26,Karnataka,Shivamogga,Vinoba Nagar PS,ASI Raghavendra Lobo
2175,Ayesha Nayak,32,"Doddapete, Shivamogga",1982,Female,P-0038,,,,,
2176,Siddaraju Udupa,27,"Doddapete, Shivamogga",1982,Male,P-0035,,,,,
2177,Basavaraj Sheikh,50,"Bidadi, Ramanagara",1985,Male,P-2027,2026-05-04,Karnataka,Ramanagara,Channapatna PS,PSI Chandru Bhat
2178,Irfan Lobo,38,"Bidadi, Ramanagara",1985,Male,P-2028,2026-05-06,Karnataka,Ramanagara,Channapatna PS,Inspector Gagan Amin
2179,Shankar Bangera,28,"Kadri, Mangaluru",1986,Male,P-2029,2026-06-13,Karnataka,Mangaluru,Barke PS,SI Gopal Alva
2180,Rakesh Shetty,31,"Toranagallu, Ballari",1987,Male,P-2030,,,,,
2181,Anand Shinde,28,"Toranagallu, Ballari",1987,Male,P-2031,,,,,
2182,Deepa Iyer,46,"Cubbon Park, Bengaluru City",1989,Female,P-2032,,,,,
2183,Pavan Sequeira,35,"Kaup, Udupi",1992,Male,P-2033,2026-06-14,Karnataka,Udupi,Malpe PS,PSI Chaitra Moily
2184,Parvathi Patil,33,"Dharwad Town, Hubballi-Dharwad",1994,Female,P-2034,,,,,
2185,Satish Kamath,31,"Koramangala, Bengaluru City",1995,Male,P-2035,2026-05-01,Karnataka,Bengaluru City,Yeshwanthpur PS,ASI Irfan Udupa
2186,Shivakumar Madiwal,42,"Koramangala, Bengaluru City",1995,Male,P-2036,,,,,
2187,Ajay Karanth,43,"Indiranagar, Bengaluru City",1997,Male,P-2037,2026-06-01,Karnataka,Bengaluru City,Yeshwanthpur PS,ASI Irfan Udupa
2188,Puneeth Iyer,22,"Adarsh Nagar, Vijayapura",1998,Male,P-2038,2026-05-20,Karnataka,Vijayapura,Jorapur Peth PS,ASI Priya Kumar
2189,Kiran Murthy,34,"Cubbon Park, Bengaluru City",1999,Male,P-2039,,,,,
2190,Sunil Acharya,39,"Panambur, Mangaluru",2000,Male,P-2040,2026-04-17,Karnataka,Mangaluru,Barke PS,ASI Abdul Hegde
2191,Raghavendra Bangera,30,"Vinoba Nagar, Shivamogga",2001,Male,P-0057,2026-05-25,Karnataka,Shivamogga,Doddapete PS,ASI Suresh Patil
2192,Mahesh Adiga,45,"Indiranagar, Bengaluru City",2002,Male,P-2041,2026-05-06,Karnataka,Bengaluru City,Yeshwanthpur PS,ASI Lokesh Fernandes
2193,Shivakumar Sharma,32,"Jayanagar, Bengaluru City",2003,Male,P-2042,2026-05-03,Karnataka,Bengaluru City,Indiranagar PS,SI Nisha Acharya
2194,Salman Alva,26,"Jayanagar, Bengaluru City",2003,Male,P-2043,,,,,
2195,Abhishek Fernandes,34,"Salagame Road, Hassan",2004,Male,P-0013,,,,,
2196,Manjunath Shinde,36,"Salagame Road, Hassan",2004,Male,P-0011,2026-05-01,Karnataka,Hassan,Hassan Town PS,PSI Saraswathi Shinde
2197,Shankar Kattimani,44,"Panambur, Mangaluru",2005,Male,P-2044,,,,,
2198,Mustafa Jadhav,38,"Panambur, Mangaluru",2005,Male,P-2045,2026-06-18,Karnataka,Mangaluru,Ullal PS,PSI Mustafa Moily
2199,Vinod Shanbhag,49,"Koramangala, Bengaluru City",2007,Male,P-0052,2026-05-08,Karnataka,Bengaluru City,Whitefield PS,DySP Vinod Shetty
2200,Ajay Kini,40,"Devaraja, Mysuru",2008,Male,P-2046,2026-06-01,Karnataka,Mysuru,Lashkar PS,ASI Sanjay Deshpande
2201,Nithin Hiremath,32,"Cubbon Park, Bengaluru City",2011,Male,P-2047,,,,,
2202,Siddaraju Fernandes,43,"Kuvempunagar, Mysuru",2012,Male,P-2048,2026-05-29,Karnataka,Mysuru,Lashkar PS,ASI Sanjay Deshpande
2203,Lokesh Iyer,25,"Kuvempunagar, Mysuru",2012,Male,P-2049,2026-04-29,Karnataka,Mysuru,Lashkar PS,SI Shankar Hegde
2204,Kiran Alva,24,"Whitefield, Bengaluru City",2013,Male,P-2050,2026-05-26,Karnataka,Bengaluru City,Indiranagar PS,PSI Hanumantha Udupa
2205,Vinod Pinto,39,"Old Hubballi, Hubballi-Dharwad",2016,Male,P-2051,,,,,
2206,Sudeep Bangera,38,"Kuvempunagar, Mysuru",2017,Male,P-2052,,,,,
2207,Rakesh Fernandes,40,"Whitefield, Bengaluru City",2020,Male,P-2053,2026-04-25,Karnataka,Bengaluru City,Yeshwanthpur PS,PSI Anand Poojary
2208,Gopal Hegde,49,"Station Bazar, Kalaburagi",2021,Male,P-2054,2026-05-28,Karnataka,Kalaburagi,MSK Mill PS,ASI Deepa Alva
2209,Darshan Moily,25,"Station Bazar, Kalaburagi",2021,Male,P-2055,2026-06-11,Karnataka,Kalaburagi,MSK Mill PS,DySP Hanumantha Khan
2210,Girish Rai,38,"Cubbon Park, Bengaluru City",2022,Male,P-2056,2026-04-27,Karnataka,Bengaluru City,Indiranagar PS,ASI Syed Shetty
2211,Abdul Moily,50,"Cubbon Park, Bengaluru City",2022,Male,P-2057,2026-04-30,Karnataka,Bengaluru City,Indiranagar PS,SI Nisha Acharya
2212,Umesh Devadiga,26,"Gandhi Chowk, Vijayapura",2023,Male,P-2058,2026-05-21,Karnataka,Vijayapura,Jorapur Peth PS,PSI Nagaraj Sharma
2213,Harish Moily,33,"Gandhi Chowk, Vijayapura",2023,Male,P-2059,,,,,
2214,Vijay Reddy,44,"Devaraja, Mysuru",2024,Male,P-2060,2026-06-02,Karnataka,Mysuru,Kuvempunagar PS,PSI Abhishek Devadiga
2215,Darshan Kattimani,48,"Yeshwanthpur, Bengaluru City",2025,Male,P-2061,2026-05-11,Karnataka,Bengaluru City,Indiranagar PS,PSI Hanumantha Udupa
2216,Praveen Patil,47,"Koramangala, Bengaluru City",2027,Male,P-2062,,,,,
2217,Manjunath Gowda,44,"Koramangala, Bengaluru City",2027,Male,P-2063,,,,,
2218,Arun Sharma,31,"Indiranagar, Bengaluru City",2028,Male,P-2064,,,,,
2219,Naveen Moily,35,"Old Hubballi, Hubballi-Dharwad",2030,Male,P-2065,2026-05-12,Karnataka,Hubballi-Dharwad,Dharwad Town PS,PSI Navya Joshi
2220,Nisha Kotian,26,"Old Hubballi, Hubballi-Dharwad",2030,Female,P-2066,,,,,
2221,Shobha Udupa,45,"Surathkal, Mangaluru",2033,Female,P-2067,,,,,
2222,Joseph Amin,42,"Indiranagar, Bengaluru City",2034,Male,P-2068,2026-06-15,Karnataka,Bengaluru City,Jayanagar PS,DySP Anil Kini
2223,Santhosh Iyer,25,"Indiranagar, Bengaluru City",2034,Male,P-2069,,,,,
2224,Gagan Adiga,33,"Manipal, Udupi",2035,Male,P-2070,,,,,
2225,Thomas Ballal,42,"Manipal, Udupi",2035,Male,P-2071,,,,,
2226,Mustafa Shetty,21,"Toranagallu, Ballari",2036,Male,P-2072,,,,,
2227,Peter Shetty,47,"Yeshwanthpur, Bengaluru City",2037,Male,P-2073,,,,,
2228,Shankar Amin,38,"Shahapur, Belagavi",2038,Male,P-2074,,,,,
2229,Umesh Joshi,42,"Station Bazar, Kalaburagi",2039,Male,P-2075,,,,,
2230,Puneeth Shinde,44,"Cubbon Park, Bengaluru City",2040,Male,P-2076,,,,,
2231,Gopal Baig,33,"Vidyanagar, Hubballi-Dharwad",2041,Male,P-0063,2026-05-14,Karnataka,Hubballi-Dharwad,Old Hubballi PS,ASI Umesh Devadiga
2232,Vinod Rao,23,"Vidyanagar, Hubballi-Dharwad",2042,Male,P-2077,,,,,
2233,Salman Swamy,44,"Indiranagar, Bengaluru City",2043,Male,P-2078,2026-05-18,Karnataka,Bengaluru City,Jayanagar PS,DySP Anil Kini
2234,Arun Angadi,45,"Station Road, Vijayapura",2044,Male,P-2079,2026-06-06,Karnataka,Vijayapura,Jorapur Peth PS,PSI Shobha Gowda
2235,Gopal Nayak,43,"Station Road, Vijayapura",2044,Male,P-2080,2026-05-04,Karnataka,Vijayapura,Jorapur Peth PS,ASI Gagan Adiga
2236,Shankar Bhat,49,"Ullal, Mangaluru",2045,Male,P-2081,2026-06-02,Karnataka,Mangaluru,Barke PS,Inspector Hema Pasha
2237,Basavaraj Iyengar,45,"Tumakuru Town, Tumakuru",2047,Male,P-2082,2026-05-14,Karnataka,Tumakuru,Antharasanahalli PS,ASI Spandana Sequeira
2238,Kiran Devadiga,26,"Tumakuru Town, Tumakuru",2047,Male,P-2083,2026-06-14,Karnataka,Tumakuru,Antharasanahalli PS,PSI Gopal Deshpande
2239,Krishna Poojary,33,"Indiranagar, Bengaluru City",2048,Male,P-0020,2026-05-07,Karnataka,Bengaluru City,Whitefield PS,DySP Vinod Shetty
2240,Srinivas Deshpande,38,"Indiranagar, Bengaluru City",2048,Male,P-0023,,,,,
2241,Ajay Shinde,39,"Indiranagar, Bengaluru City",2048,Male,P-0021,2026-06-02,Karnataka,Bengaluru City,Whitefield PS,DySP Vinod Shetty
2242,Gagan Shinde,25,"Indiranagar, Bengaluru City",2048,Male,P-0024,,,,,
2243,Srinivas Poojary,21,"Koramangala, Bengaluru City",2050,Male,P-2084,,,,,
2244,Yash Bangera,50,"Udupi Town, Udupi",2051,Male,P-0048,2026-05-16,Karnataka,Udupi,Kaup PS,PSI Ambika Sharma
2245,Divya Bhat,35,"Azad Nagar, Davanagere",2052,Female,P-2085,,,,,
2246,Manjula Sequeira,25,"Azad Nagar, Davanagere",2052,Female,P-2086,,,,,
2247,Arun Chavan,45,"Antharasanahalli, Tumakuru",2054,Male,P-2087,2026-05-23,Karnataka,Tumakuru,Sira Gate PS,SI Navya Jadhav
2248,Anand Gowda,23,"Antharasanahalli, Tumakuru",2054,Male,P-2088,,,,,
2249,Ambika Sequeira,32,"Cubbon Park, Bengaluru City",2055,Female,P-2089,,,,,
2250,Nithin Kini,25,"Devaraja, Mysuru",2056,Male,P-2090,2026-05-04,Karnataka,Mysuru,Kuvempunagar PS,ASI Basavaraj DSouza
2251,Vikram Shanbhag,47,"Jayanagar, Bengaluru City",2058,Male,P-2091,2026-06-05,Karnataka,Bengaluru City,Whitefield PS,DySP Vinod Shetty
2252,Santhosh Devadiga,25,"Bethur Road, Davanagere",2059,Male,P-2092,,,,,
2253,Manjunath Khan,28,"Tumakuru Town, Tumakuru",2060,Male,P-0060,2026-06-19,Karnataka,Tumakuru,Kyathsandra PS,PSI Sudeep Madiwal
2254,Vijay Prabhu,28,"Jayanagar, Bengaluru City",2062,Male,P-2093,,,,,
2255,Praveen Baig,32,"Jayanagar, Bengaluru City",2062,Male,P-2094,,,,,
2256,Arun Madiwal,23,"Jayanagar, Bengaluru City",2062,Male,P-2095,2026-06-23,Karnataka,Bengaluru City,Koramangala PS,PSI Lakshmi Hiremath
2257,Shivakumar Fernandes,22,"Indiranagar, Bengaluru City",2063,Male,P-2096,,,,,
2258,Abdul Lobo,38,"Indiranagar, Bengaluru City",2063,Male,P-2097,2026-06-01,Karnataka,Bengaluru City,Whitefield PS,SI Pallavi Sait
2259,Bharath Udupa,38,"Kadri, Mangaluru",2064,Male,P-2098,,,,,
2260,Thomas Angadi,26,"Jorapur Peth, Vijayapura",2065,Male,P-2099,2026-05-25,Karnataka,Vijayapura,Gandhi Chowk PS,PSI Meghana Hegde
2261,Mohan Iyer,33,"Jorapur Peth, Vijayapura",2065,Male,P-2100,,,,,
2262,Rashmi Shanbhag,38,"Jorapur Peth, Vijayapura",2065,Female,P-2101,,,,,
2263,Krishna Pai,49,"Bidadi, Ramanagara",2066,Male,P-0072,,,,,
2264,Kavitha Chavan,35,"Bidadi, Ramanagara",2066,Female,P-2102,,,,,
2265,Mohan Kamath,49,"Cubbon Park, Bengaluru City",2067,Male,P-2103,,,,,
2266,Venkatesh Karanth,49,"Cubbon Park, Bengaluru City",2067,Male,P-2104,2026-05-10,Karnataka,Bengaluru City,Koramangala PS,PSI Lakshmi Hiremath
2267,Satish Kattimani,35,"Bruce Pete, Ballari",2068,Male,P-2105,,,,,
2268,Abhishek Kulkarni,38,"Bruce Pete, Ballari",2068,Male,P-2106,2026-05-19,Karnataka,Ballari,Cowl Bazar PS,SI Madhu Alva
2269,Darshan Iyengar,46,"Old Hubballi, Hubballi-Dharwad",2069,Male,P-2107,2026-06-10,Karnataka,Hubballi-Dharwad,Gokul Road PS,DySP Sunil Iyer
2270,Kiran Rao,31,"Whitefield, Bengaluru City",2072,Male,P-2108,,,,,
2271,Abhishek Devadiga,45,"Koramangala, Bengaluru City",2073,Male,P-2109,2026-05-30,Karnataka,Bengaluru City,Cubbon Park PS,PSI Nagaraj Murthy
2272,Basavaraj Pawar,40,"Yeshwanthpur, Bengaluru City",2074,Male,P-2110,2026-05-23,Karnataka,Bengaluru City,Cubbon Park PS,PSI Joseph Prabhu
2273,Naveen Iyengar,43,"Surathkal, Mangaluru",2075,Male,P-2111,2026-05-09,Karnataka,Mangaluru,Panambur PS,ASI Sagar Swamy
2274,Rohan Iyer,28,"Malpe, Udupi",2076,Male,P-2112,2026-05-21,Karnataka,Udupi,Manipal PS,DySP Ravi Reddy
2275,Shivakumar Sait,28,"Dharwad Town, Hubballi-Dharwad",2077,Male,P-2113,,,,,
2276,Pavan Moily,43,"Brahmpur, Kalaburagi",2078,Male,P-2114,,,,,
2277,Jagadish Kini,48,"Saraswathipuram, Mysuru",2079,Male,P-2115,,,,,
2278,Girish Puthran,26,"Saraswathipuram, Mysuru",2079,Male,P-2116,,,,,
2279,Dinesh Reddy,31,"Azad Nagar, Davanagere",2080,Male,P-2117,2026-07-06,Karnataka,Davanagere,Nittuvalli PS,PSI Irfan Ballal
2280,Shivakumar Suvarna,47,"Station Road, Vijayapura",2081,Male,P-2118,2026-07-03,Karnataka,Vijayapura,Adarsh Nagar PS,ASI Darshan Amin
2281,Pavan Shanbhag,36,"Station Road, Vijayapura",2081,Male,P-2119,2026-06-19,Karnataka,Vijayapura,Adarsh Nagar PS,Inspector Manjunath Sequeira
2282,Farhan Sheikh,46,"Station Road, Vijayapura",2081,Male,P-2120,2026-06-25,Karnataka,Vijayapura,Adarsh Nagar PS,SI Jagadish Madiwal
2283,Rohan Suvarna,37,"Malpe, Udupi",2082,Male,P-2121,,,,,
2284,Kiran Biradar,40,"Udupi Town, Udupi",2084,Male,P-0058,2026-06-12,Karnataka,Udupi,Manipal PS,SI Sandhya Shetty
2285,Imran Jadhav,26,"Kote, Shivamogga",2086,Male,P-2122,2026-05-16,Karnataka,Shivamogga,Doddapete PS,SI Savitha Kotian
2286,Hanumantha Pawar,28,"Doddapete, Shivamogga",2089,Male,P-2123,,,,,
2287,Basavaraj Khan,44,"Bethur Road, Davanagere",2090,Male,P-2124,2026-06-15,Karnataka,Davanagere,Nittuvalli PS,ASI Abdul Karanth
2288,Shankar Naik,43,"Tilakwadi, Belagavi",2091,Male,P-2125,2026-06-02,Karnataka,Belagavi,Camp PS,DySP Ravi Naik
2289,Suresh Poojary,50,"Tilakwadi, Belagavi",2091,Male,P-2126,2026-07-04,Karnataka,Belagavi,Camp PS,DySP Ravi Naik
2290,Puneeth Devadiga,26,"Whitefield, Bengaluru City",2092,Male,P-2127,2026-05-28,Karnataka,Bengaluru City,Koramangala PS,SI Bhavya Kamath
2291,Praveen Bangera,21,"Whitefield, Bengaluru City",2092,Male,P-2128,,,,,
2292,Joseph Nayak,27,"Whitefield, Bengaluru City",2092,Male,P-2129,2026-06-11,Karnataka,Bengaluru City,Koramangala PS,DySP Suresh Kulkarni
2293,Ramya Shanbhag,34,"Station Bazar, Kalaburagi",2096,Female,P-2130,2026-05-25,Karnataka,Kalaburagi,MSK Mill PS,SI Soumya Kotian
2294,Raghavendra Iyer,43,"Azad Nagar, Davanagere",2098,Male,P-2131,,,,,
2295,Sanjay Baig,42,"Dharwad Town, Hubballi-Dharwad",2100,Male,P-2132,2026-06-24,Karnataka,Hubballi-Dharwad,Gokul Road PS,PSI Abdul Kamat
2296,Murali Lobo,42,"Dharwad Town, Hubballi-Dharwad",2100,Male,P-2133,2026-06-14,Karnataka,Hubballi-Dharwad,Gokul Road PS,PSI Abdul Kamat
2297,Harish Poojary,24,"Dharwad Town, Hubballi-Dharwad",2100,Male,P-2134,2026-06-20,Karnataka,Hubballi-Dharwad,Gokul Road PS,PSI Charan Alva
2298,Rekha Poojary,29,"Dharwad Town, Hubballi-Dharwad",2100,Female,P-2135,2026-06-12,Karnataka,Hubballi-Dharwad,Gokul Road PS,PSI Abdul Kamat
2299,Suresh Baig,49,"Whitefield, Bengaluru City",2101,Male,P-2136,2026-06-22,Karnataka,Bengaluru City,Koramangala PS,PSI Lakshmi Hiremath
2300,Abdul Chavan,25,"Saraswathipuram, Mysuru",2102,Male,P-2137,2026-05-26,Karnataka,Mysuru,Lashkar PS,ASI Divya Deshpande
2301,Savitha Shinde,42,"Kyathsandra, Tumakuru",2103,Female,P-2138,2026-06-18,Karnataka,Tumakuru,Sira Gate PS,SI Navya Jadhav
2302,Joseph Salian,33,"Kyathsandra, Tumakuru",2103,Male,P-2139,,,,,
2303,Charan Pinto,25,"MSK Mill, Kalaburagi",2104,Male,P-2140,,,,,
2304,Ganesh Kumar,46,"Gandhi Chowk, Vijayapura",2109,Male,P-2141,,,,,
2305,Jagadish Hegde,28,"Indiranagar, Bengaluru City",2113,Male,P-2142,,,,,
2306,Pallavi Jadhav,39,"Cubbon Park, Bengaluru City",2114,Female,P-2143,,,,,
2307,Chandru Chavan,45,"Whitefield, Bengaluru City",2116,Male,P-2144,,,,,
2308,Naveen Kamath,41,"Yeshwanthpur, Bengaluru City",2117,Male,P-2145,,,,,
2309,Shivakumar Fernandes,49,"Yeshwanthpur, Bengaluru City",2117,Male,P-2146,,,,,
2310,Sanjay Achar,25,"Udupi Town, Udupi",2118,Male,P-2147,,,,,
2311,Karthik Udupa,41,"Chowk, Kalaburagi",2119,Male,P-2148,,,,,
2312,Sagar Shanbhag,30,"Chowk, Kalaburagi",2119,Male,P-2149,2026-06-08,Karnataka,Kalaburagi,MSK Mill PS,PSI Ganesh Kulkarni
2313,Sudeep Pai,42,"Sira Gate, Tumakuru",2120,Male,P-2150,2026-07-05,Karnataka,Tumakuru,Tumakuru Town PS,Inspector Bharath Kamath
2314,Ambika Bangera,25,"Dharwad Town, Hubballi-Dharwad",2121,Female,P-2151,,,,,
2315,Sandhya Iyer,39,"Cubbon Park, Bengaluru City",2122,Female,P-2152,,,,,
2316,Kiran Puthran,42,"Indiranagar, Bengaluru City",2123,Male,P-2153,2026-05-30,Karnataka,Bengaluru City,Cubbon Park PS,PSI Nagaraj Murthy
2317,Nithin Madiwal,22,"Azad Nagar, Davanagere",2124,Male,P-2154,2026-05-29,Karnataka,Davanagere,Bethur Road PS,DySP Girish Kamath
2318,Karthik Naik,33,"Indiranagar, Bengaluru City",2126,Male,P-2155,2026-07-12,Karnataka,Bengaluru City,Yeshwanthpur PS,ASI Lokesh Fernandes
2319,Arun Reddy,47,"Indiranagar, Bengaluru City",2126,Male,P-2156,,,,,
2320,Salman Prabhu,30,"Vinoba Nagar, Shivamogga",2127,Male,P-2157,2026-06-26,Karnataka,Shivamogga,Tilak Nagar PS,ASI Vidya Madiwal
2321,Ravi Pinto,48,"Cubbon Park, Bengaluru City",2129,Male,P-2158,,,,,
2322,Farhan Kamat,50,"Tilak Nagar, Shivamogga",2130,Male,P-2159,2026-07-13,Karnataka,Shivamogga,Doddapete PS,SI Savitha Kotian
2323,Latha Khan,48,"Tilak Nagar, Shivamogga",2130,Female,P-2160,2026-07-03,Karnataka,Shivamogga,Doddapete PS,ASI Shankar Swamy
2324,Venkatesh Shetty,33,"Kyathsandra, Tumakuru",2134,Male,P-2161,2026-06-05,Karnataka,Tumakuru,Tumakuru Town PS,SI Riyaz Sheikh
2325,Soumya Deshpande,47,"Kyathsandra, Tumakuru",2134,Female,P-2162,2026-06-26,Karnataka,Tumakuru,Tumakuru Town PS,Inspector Bharath Kamath
2326,Farhan Sequeira,41,"Jorapur Peth, Vijayapura",2136,Male,P-2163,,,,,
2327,Shankar Kamath,44,"Jorapur Peth, Vijayapura",2136,Male,P-2164,2026-06-09,Karnataka,Vijayapura,Station Road PS,DySP Vinod Ballal
2328,Mustafa Jadhav,43,"Jorapur Peth, Vijayapura",2136,Male,P-2165,2026-07-22,Karnataka,Vijayapura,Station Road PS,Inspector Nagaraj Ballal
2329,Ravi Achar,28,"Yeshwanthpur, Bengaluru City",2139,Male,P-2166,2026-07-01,Karnataka,Bengaluru City,Indiranagar PS,PSI Sunil Sheikh
2330,Prakash Swamy,49,"Shahapur, Belagavi",2140,Male,P-2167,2026-06-16,Karnataka,Belagavi,Tilakwadi PS,PSI Mustafa Bhat
2331,Wilson Baig,34,"Koramangala, Bengaluru City",2141,Male,P-2168,,,,,
2332,Soumya Hiremath,42,"Koramangala, Bengaluru City",2141,Female,P-2169,2026-06-30,Karnataka,Bengaluru City,Yeshwanthpur PS,ASI Manjunath Kulkarni
2333,Suresh Lobo,41,"Koramangala, Bengaluru City",2141,Male,P-2170,,,,,
2334,Nithin Chavan,48,"Ullal, Mangaluru",2142,Male,P-2171,,,,,
2335,Karthik Fernandes,35,"MSK Mill, Kalaburagi",2143,Male,P-2172,,,,,
2336,Santhosh Khan,25,"Whitefield, Bengaluru City",2145,Male,P-2173,,,,,
2337,Jagadish Reddy,39,"Khade Bazar, Belagavi",2146,Male,P-2174,2026-07-18,Karnataka,Belagavi,Tilakwadi PS,PSI Mustafa Bhat
2338,Anand Kattimani,41,"Jayanagar, Bengaluru City",2147,Male,P-2175,2026-06-17,Karnataka,Bengaluru City,Yeshwanthpur PS,PSI Anand Poojary
2339,Jagadish Shanbhag,47,"Brahmpur, Kalaburagi",2149,Male,P-2176,2026-06-07,Karnataka,Kalaburagi,Station Bazar PS,PSI Joseph Udupa
2340,Dinesh Patil,29,"Brahmpur, Kalaburagi",2149,Male,P-2177,,,,,
2341,Vijay Adiga,35,"Devaraja, Mysuru",2150,Male,P-2178,,,,,
2342,Naveen Biradar,40,"Jayanagar, Bengaluru City",2158,Male,P-2179,,,,,
2343,Sunil Biradar,25,"Toranagallu, Ballari",2160,Male,P-2180,2026-06-16,Karnataka,Ballari,Kampli Road PS,Inspector Anitha Madiwal
2344,Siddaraju Iyengar,45,"Toranagallu, Ballari",2160,Male,P-2181,2026-07-03,Karnataka,Ballari,Kampli Road PS,PSI Naveen Iyer
2345,Anand Deshpande,26,"Koramangala, Bengaluru City",2161,Male,P-2182,,,,,
2346,Darshan Achar,30,"Koramangala, Bengaluru City",2162,Male,P-2183,,,,,
2347,Uma Prabhu,23,"Koramangala, Bengaluru City",2162,Female,P-2184,2026-06-06,Karnataka,Bengaluru City,Whitefield PS,SI Girish Hegde
2348,Nagaraj Kamat,26,"Koramangala, Bengaluru City",2162,Male,P-2185,2026-07-12,Karnataka,Bengaluru City,Whitefield PS,PSI Santhosh Bangera
2349,Raghavendra Kumar,45,"Koramangala, Bengaluru City",2162,Male,P-2186,,,,,
2350,Joseph Acharya,22,"Lashkar, Mysuru",2164,Male,P-2187,,,,,
2351,Shwetha Kamath,41,"Old Hubballi, Hubballi-Dharwad",2165,Female,P-2188,2026-06-10,Karnataka,Hubballi-Dharwad,Vidyanagar PS,SI Meghana Devadiga
2352,Vinod Sequeira,43,"Nittuvalli, Davanagere",2166,Male,P-2189,,,,,
2353,Ravi Jadhav,42,"Nittuvalli, Davanagere",2166,Male,P-2190,,,,,
2354,Farhan Amin,47,"Bruce Pete, Ballari",2167,Male,P-2191,,,,,
2355,Shivakumar Joshi,32,"Chowk, Kalaburagi",2168,Male,P-2192,,,,,
2356,Girish Karanth,25,"Whitefield, Bengaluru City",2169,Male,P-0009,2026-07-07,Karnataka,Bengaluru City,Koramangala PS,DySP Suresh Kulkarni
2357,Murali Prabhu,38,"Whitefield, Bengaluru City",2169,Male,P-0007,2026-07-21,Karnataka,Bengaluru City,Koramangala PS,Inspector Farhan Sharma
2358,Gopal Deshpande,37,"Whitefield, Bengaluru City",2169,Male,P-0006,2026-07-13,Karnataka,Bengaluru City,Koramangala PS,Inspector Farhan Sharma
2359,Murali Rao,25,"Whitefield, Bengaluru City",2169,Male,P-0008,,,,,
2360,Usha Moily,49,"Old Hubballi, Hubballi-Dharwad",2170,Female,P-2193,,,,,
2361,Pavan Sait,43,"Old Hubballi, Hubballi-Dharwad",2170,Male,P-2194,2026-06-06,Karnataka,Hubballi-Dharwad,Gokul Road PS,PSI Abdul Kamat
2362,Ramesh Pinto,34,"Old Hubballi, Hubballi-Dharwad",2170,Male,P-2195,2026-06-20,Karnataka,Hubballi-Dharwad,Gokul Road PS,PSI Charan Alva
2363,Salman Baig,37,"Sira Gate, Tumakuru",2171,Male,P-2196,2026-06-17,Karnataka,Tumakuru,Kyathsandra PS,PSI Sudeep Madiwal
2364,Rakesh Hegde,29,"Panambur, Mangaluru",2172,Male,P-2197,,,,,
2365,Raghavendra Khan,50,"Panambur, Mangaluru",2172,Male,P-2198,,,,,
2366,Rajesh Sequeira,46,"Panambur, Mangaluru",2172,Male,P-2199,,,,,
2367,Srinivas Poojary,46,"Indiranagar, Bengaluru City",2173,Male,P-2200,2026-07-14,Karnataka,Bengaluru City,Koramangala PS,DySP Suresh Kulkarni
2368,Manjunath Kini,39,"Panambur, Mangaluru",2174,Male,P-2201,,,,,
2369,Mahesh Lobo,29,"Lashkar, Mysuru",2175,Male,P-2202,2026-06-28,Karnataka,Mysuru,Devaraja PS,Inspector Joseph Poojary
2370,Imran Kotian,32,"Lashkar, Mysuru",2175,Male,P-2203,2026-06-20,Karnataka,Mysuru,Devaraja PS,ASI Madhu Kattimani
2371,Madhu Pasha,23,"Cubbon Park, Bengaluru City",2178,Male,P-2204,2026-07-22,Karnataka,Bengaluru City,Indiranagar PS,PSI Vikram Sharma
2372,Chandru Sequeira,34,"Yeshwanthpur, Bengaluru City",2179,Male,P-2205,2026-07-25,Karnataka,Bengaluru City,Jayanagar PS,SI Abdul Biradar
2373,Sandhya Kotian,27,"Khade Bazar, Belagavi",2180,Female,P-2206,,,,,
2374,Suresh Fernandes,39,"Old Hubballi, Hubballi-Dharwad",2182,Male,P-0062,2026-07-07,Karnataka,Hubballi-Dharwad,Dharwad Town PS,PSI Navya Joshi
2375,Venkatesh Ballal,37,"Bidadi, Ramanagara",2188,Male,P-2207,2026-07-10,Karnataka,Ramanagara,Kanakapura Road PS,SI Mohan Lobo
2376,Ramesh Rai,36,"Tilakwadi, Belagavi",2189,Male,P-2208,2026-06-16,Karnataka,Belagavi,Camp PS,Inspector Nagaraj Angadi
2377,Suma Shanbhag,25,"Kuvempunagar, Mysuru",2190,Female,P-2209,2026-07-07,Karnataka,Mysuru,Saraswathipuram PS,ASI Rekha Naik
2378,Chandru Iyengar,33,"Station Bazar, Kalaburagi",2191,Male,P-2210,2026-06-19,Karnataka,Kalaburagi,MSK Mill PS,SI Gagan Kulkarni
2379,Shruthi Sequeira,43,"Station Bazar, Kalaburagi",2191,Female,P-2211,2026-07-10,Karnataka,Kalaburagi,MSK Mill PS,SI Soumya Kotian
2380,Siddaraju Sharma,33,"Koramangala, Bengaluru City",2192,Male,P-2212,,,,,
2381,Chetan Pasha,23,"Koramangala, Bengaluru City",2192,Male,P-2213,2026-07-15,Karnataka,Bengaluru City,Cubbon Park PS,SI Shivakumar Pinto
2382,Ambika Biradar,48,"Jayanagar, Bengaluru City",2193,Female,P-2214,2026-07-25,Karnataka,Bengaluru City,Indiranagar PS,PSI Hanumantha Udupa
2383,Mustafa Kattimani,26,"Tilakwadi, Belagavi",2194,Male,P-2215,,,,,
2384,Peter Kotian,23,"Tilakwadi, Belagavi",2194,Male,P-2216,2026-07-25,Karnataka,Belagavi,Camp PS,Inspector Santhosh Suvarna
2385,Nagaraj Joshi,36,"Tilakwadi, Belagavi",2194,Male,P-2217,2026-06-12,Karnataka,Belagavi,Camp PS,Inspector Santhosh Suvarna
2386,Vikram Moily,43,"Yeshwanthpur, Bengaluru City",2198,Male,P-2218,,,,,
2387,Sanjay Ballal,34,"Yeshwanthpur, Bengaluru City",2198,Male,P-2219,2026-07-25,Karnataka,Bengaluru City,Indiranagar PS,PSI Vikram Sharma
2388,Santhosh Patil,39,"Panambur, Mangaluru",2199,Male,P-2220,,,,,
2389,Geetha Achar,27,"Panambur, Mangaluru",2199,Female,P-2221,2026-07-04,Karnataka,Mangaluru,Ullal PS,Inspector Madhu Sheikh
2390,Salman Pinto,42,"Panambur, Mangaluru",2199,Male,P-2222,,,,,
2391,Madhu Naik,22,"Yeshwanthpur, Bengaluru City",2200,Male,P-2223,2026-07-25,Karnataka,Bengaluru City,Jayanagar PS,SI Ambika Kamat
2392,Ramesh Rao,43,"Yeshwanthpur, Bengaluru City",2200,Male,P-2224,2026-06-24,Karnataka,Bengaluru City,Jayanagar PS,SI Ambika Kamat
2393,Arun Prabhu,47,"Adarsh Nagar, Vijayapura",2201,Male,P-2225,,,,,
2394,Mustafa Salian,49,"Adarsh Nagar, Vijayapura",2201,Male,P-2226,2026-07-17,Karnataka,Vijayapura,Station Road PS,Inspector Nagaraj Ballal
2395,Joseph Kumar,31,"Koramangala, Bengaluru City",2202,Male,P-2227,,,,,
2396,Charan Kini,24,"Saraswathipuram, Mysuru",2204,Male,P-2228,2026-07-04,Karnataka,Mysuru,Kuvempunagar PS,ASI Sanjay Pawar
2397,Usha Biradar,48,"Saraswathipuram, Mysuru",2204,Female,P-2229,2026-07-03,Karnataka,Mysuru,Kuvempunagar PS,SI Abhishek Naik
2398,Anand Rai,46,"Saraswathipuram, Mysuru",2204,Male,P-2230,2026-06-13,Karnataka,Mysuru,Kuvempunagar PS,SI Abhishek Naik
2399,Charan DSouza,41,"Cubbon Park, Bengaluru City",2205,Male,P-2231,2026-07-25,Karnataka,Bengaluru City,Whitefield PS,SI Ajay Patil
2400,Chetan Adiga,48,"Indiranagar, Bengaluru City",2206,Male,P-2232,,,,,
2401,Basavaraj Puthran,47,"Indiranagar, Bengaluru City",2207,Male,P-2233,,,,,
2402,Jagadish Achar,29,"Koramangala, Bengaluru City",2208,Male,P-2234,2026-07-03,Karnataka,Bengaluru City,Jayanagar PS,SI Abdul Biradar
2403,Puneeth Patil,44,"Doddapete, Shivamogga",2209,Male,P-2235,2026-07-02,Karnataka,Shivamogga,Vinoba Nagar PS,ASI Raghavendra Lobo
2404,Deepa Jadhav,36,"Doddapete, Shivamogga",2209,Female,P-2236,2026-07-25,Karnataka,Shivamogga,Vinoba Nagar PS,SI Ravi Rao
2405,Sandhya Sharma,50,"Kaup, Udupi",2212,Female,P-2237,2026-07-25,Karnataka,Udupi,Malpe PS,ASI Wilson Swamy
2406,Praveen Khan,34,"Lashkar, Mysuru",2213,Male,P-2238,2026-07-19,Karnataka,Mysuru,Kuvempunagar PS,ASI Sanjay Pawar
2407,Prakash Adiga,46,"Camp, Belagavi",2214,Male,P-2239,,,,,
2408,Darshan Rao,32,"Camp, Belagavi",2215,Male,P-2240,2026-07-18,Karnataka,Belagavi,Khade Bazar PS,Inspector Shivakumar Joshi
2409,Arun Kulkarni,49,"Yeshwanthpur, Bengaluru City",2217,Male,P-2241,2026-07-25,Karnataka,Bengaluru City,Cubbon Park PS,SI Shivakumar Pinto
2410,Fathima Shetty,24,"Yeshwanthpur, Bengaluru City",2217,Female,P-2242,2026-07-25,Karnataka,Bengaluru City,Cubbon Park PS,PSI Venkatesh Sharma
2411,Jagadish Puthran,24,"Vinoba Nagar, Shivamogga",2218,Male,P-2243,2026-07-15,Karnataka,Shivamogga,Kote PS,DySP Suresh Acharya
2412,Raghavendra Kini,37,"Kadri, Mangaluru",2219,Male,P-2244,2026-07-25,Karnataka,Mangaluru,Surathkal PS,SI Jagadish Rai
2413,Nisha Jadhav,47,"Kadri, Mangaluru",2219,Female,P-2245,,,,,
2414,Madhu Reddy,49,"Bruce Pete, Ballari",2220,Male,P-2246,2026-07-16,Karnataka,Ballari,Toranagallu PS,DySP Kiran Biradar
2415,Chetan Kumar,34,"MSK Mill, Kalaburagi",2221,Male,P-0041,,,,,
2416,Meghana Amin,40,"MSK Mill, Kalaburagi",2221,Female,P-2247,,,,,
2417,Shivakumar Sait,39,"Vidyanagar, Hubballi-Dharwad",2224,Male,P-2248,,,,,
2418,Peter Deshpande,26,"Lashkar, Mysuru",2225,Male,P-2249,,,,,
2419,Irfan Alva,38,"Antharasanahalli, Tumakuru",2226,Male,P-2250,2026-07-25,Karnataka,Tumakuru,Kyathsandra PS,SI Prakash Kulkarni
2420,Gagan Sheikh,25,"Antharasanahalli, Tumakuru",2226,Male,P-2251,,,,,
2421,Pavan Pai,34,"Dharwad Town, Hubballi-Dharwad",2227,Male,P-0047,2026-06-24,Karnataka,Hubballi-Dharwad,Old Hubballi PS,ASI Asha Bangera
2422,Darshan Kattimani,38,"Nittuvalli, Davanagere",2229,Male,P-0045,2026-06-26,Karnataka,Davanagere,Bethur Road PS,ASI Rajesh Moily
2423,Manjunath Biradar,22,"Cowl Bazar, Ballari",2230,Male,P-2252,,,,,
2424,Riyaz Sharma,29,"Chowk, Kalaburagi",2231,Male,P-2253,,,,,
2425,Yash Puthran,40,"Koramangala, Bengaluru City",2232,Male,P-2254,,,,,
2426,Yash Kini,49,"Channapatna, Ramanagara",2233,Male,P-0051,,,,,
2427,Joseph Nayak,41,"Vinoba Nagar, Shivamogga",2234,Male,P-2255,2026-07-10,Karnataka,Shivamogga,Tilak Nagar PS,SI Siddaraju Hiremath
2428,Shivakumar Sequeira,30,"Vinoba Nagar, Shivamogga",2234,Male,P-2256,2026-06-25,Karnataka,Shivamogga,Tilak Nagar PS,SI Siddaraju Hiremath
2429,Nagaraj Chavan,39,"Khade Bazar, Belagavi",2237,Male,P-2257,2026-07-12,Karnataka,Belagavi,Camp PS,PSI Dinesh Sait
2430,Imran Suvarna,23,"Whitefield, Bengaluru City",2239,Male,P-2258,2026-06-26,Karnataka,Bengaluru City,Koramangala PS,ASI Manjunath Pasha
2431,Satish Adiga,44,"Whitefield, Bengaluru City",2239,Male,P-2259,2026-07-25,Karnataka,Bengaluru City,Koramangala PS,PSI Lakshmi Hiremath
2432,Mohan Bhat,37,"Hassan Town, Hassan",2240,Male,P-0059,,,,,
2433,Raghavendra Madiwal,44,"Indiranagar, Bengaluru City",2241,Male,P-2260,2026-06-21,Karnataka,Bengaluru City,Whitefield PS,PSI Santhosh Bangera
2434,Siddaraju Naik,44,"Indiranagar, Bengaluru City",2241,Male,P-2261,,,,,
2435,Jagadish Naik,26,"Kampli Road, Ballari",2242,Male,P-2262,2026-07-25,Karnataka,Ballari,Cowl Bazar PS,SI Madhu Alva
2436,Kiran Sheikh,42,"Jayanagar, Bengaluru City",2243,Male,P-2263,2026-07-25,Karnataka,Bengaluru City,Whitefield PS,SI Pallavi Sait
2437,Fathima Bhat,35,"Jayanagar, Bengaluru City",2244,Female,P-2264,,,,,
2438,Sudeep Puthran,35,"Koramangala, Bengaluru City",2245,Male,P-2265,2026-07-14,Karnataka,Bengaluru City,Whitefield PS,SI Ajay Patil
2439,Sunil Chavan,43,"Bidadi, Ramanagara",2247,Male,P-2266,,,,,
2440,Gopal Deshpande,22,"Station Road, Vijayapura",2248,Male,P-2267,,,,,
2441,Ramya Iyengar,45,"Antharasanahalli, Tumakuru",2249,Female,P-2268,,,,,
2442,Shilpa Naik,44,"Jayanagar, Bengaluru City",2250,Female,P-2269,,,,,
2443,Pooja Khan,26,"MSK Mill, Kalaburagi",2251,Female,P-2270,,,,,
2444,Salman Kattimani,46,"Kadri, Mangaluru",2252,Male,P-2271,,,,,
2445,Ajay Sharma,32,"Koramangala, Bengaluru City",2253,Male,P-2272,,,,,
2446,Sunil Sequeira,22,"Koramangala, Bengaluru City",2253,Male,P-2273,,,,,
2447,Chandru Iyer,39,"Jayanagar, Bengaluru City",2254,Male,P-2274,2026-07-15,Karnataka,Bengaluru City,Indiranagar PS,PSI Vikram Sharma
2448,Shivakumar Kumar,49,"Jayanagar, Bengaluru City",2254,Male,P-2275,2026-07-03,Karnataka,Bengaluru City,Indiranagar PS,PSI Pavan Pai
2449,Puneeth Pai,46,"Bethur Road, Davanagere",2256,Male,P-2276,2026-07-06,Karnataka,Davanagere,Azad Nagar PS,Inspector Syed Murthy
2450,Kiran Kamath,25,"Kadri, Mangaluru",2257,Male,P-2277,2026-07-02,Karnataka,Mangaluru,Ullal PS,SI Mustafa Moily
2451,Salman Salian,48,"Tumakuru Town, Tumakuru",2258,Male,P-2278,2026-07-15,Karnataka,Tumakuru,Sira Gate PS,ASI Harish Prabhu
2452,Madhu Nayak,26,"Jayanagar, Bengaluru City",2259,Male,P-2279,2026-07-25,Karnataka,Bengaluru City,Cubbon Park PS,SI Shivakumar Pinto
2453,Rakesh Fernandes,23,"Barke, Mangaluru",2260,Male,P-2280,2026-07-25,Karnataka,Mangaluru,Ullal PS,SI Mustafa Moily
2454,Siddaraju Bangera,43,"Azad Nagar, Davanagere",2261,Male,P-2281,,,,,
2455,Yash Kumar,23,"Channapatna, Ramanagara",2262,Male,P-2282,,,,,
2456,Deepa Biradar,35,"Indiranagar, Bengaluru City",2263,Female,P-2283,,,,,
2457,Dinesh Kamath,32,"Indiranagar, Bengaluru City",2263,Male,P-2284,,,,,
2458,Shobha Kattimani,30,"Vinoba Nagar, Shivamogga",2266,Female,P-2285,,,,,
2459,Nandini Karanth,21,"Lashkar, Mysuru",2267,Female,P-2286,2026-07-25,Karnataka,Mysuru,Saraswathipuram PS,ASI Rekha Naik
2460,Suresh Salian,43,"Devaraja, Mysuru",2269,Male,P-2287,2026-07-20,Karnataka,Mysuru,Lashkar PS,ASI Sanjay Deshpande
2461,Rajesh Khan,24,"Dharwad Town, Hubballi-Dharwad",2270,Male,P-0029,2026-06-29,Karnataka,Hubballi-Dharwad,Old Hubballi PS,ASI Asha Bangera
2462,Girish Rai,30,"Dharwad Town, Hubballi-Dharwad",2270,Male,P-0030,,,,,
2463,Uma Shetty,39,"Dharwad Town, Hubballi-Dharwad",2270,Female,P-0031,,,,,
2464,Shwetha Gowda,22,"Dharwad Town, Hubballi-Dharwad",2270,Female,P-0033,,,,,
2465,Irfan Puthran,40,"Manipal, Udupi",2271,Male,P-2288,,,,,
2466,Gopal Ballal,37,"Kuvempunagar, Mysuru",2272,Male,P-2289,2026-07-02,Karnataka,Mysuru,Saraswathipuram PS,ASI Rekha Naik
2467,Puneeth Rai,46,"Jayanagar, Bengaluru City",2273,Male,P-2290,2026-07-25,Karnataka,Bengaluru City,Yeshwanthpur PS,PSI Anand Poojary
2468,Madhu Karanth,42,"Bethur Road, Davanagere",2275,Male,P-0046,2026-07-25,Karnataka,Davanagere,Nittuvalli PS,SI Umesh Naik
2469,Ravi Poojary,37,"Indiranagar, Bengaluru City",2276,Male,P-2291,2026-07-16,Karnataka,Bengaluru City,Jayanagar PS,DySP Anil Kini
2470,Anand Kamat,24,"Lashkar, Mysuru",2279,Male,P-2292,2026-07-05,Karnataka,Mysuru,Devaraja PS,Inspector Nagaraj Acharya
2471,Madhu Baig,31,"Udupi Town, Udupi",2280,Male,P-2293,2026-07-25,Karnataka,Udupi,Manipal PS,PSI Savitha Joshi
2472,Dinesh Bangera,45,"Udupi Town, Udupi",2280,Male,P-2294,2026-07-25,Karnataka,Udupi,Manipal PS,PSI Yash Suvarna
2473,Bharath Nayak,38,"Sira Gate, Tumakuru",2281,Male,P-0053,,,,,
2474,Wilson Sheikh,43,"Sira Gate, Tumakuru",2281,Male,P-2295,,,,,
2475,Anil Kumar,37,"Whitefield, Bengaluru City",2283,Male,P-2296,2026-07-17,Karnataka,Bengaluru City,Jayanagar PS,ASI Bharath Iyer
2476,Sudeep Sheikh,47,"Barke, Mangaluru",2284,Male,P-2297,2026-07-25,Karnataka,Mangaluru,Kadri PS,DySP Seetha Salian
2477,Raghavendra Shinde,29,"Whitefield, Bengaluru City",2285,Male,P-0022,,,,,
2478,Gagan Shinde,25,"Whitefield, Bengaluru City",2285,Male,P-0024,2026-07-25,Karnataka,Bengaluru City,Indiranagar PS,ASI Syed Shetty
2479,Fathima Pawar,45,"Kyathsandra, Tumakuru",2288,Female,P-2298,2026-07-25,Karnataka,Tumakuru,Sira Gate PS,ASI Harish Prabhu
2480,Umesh Alva,48,"Kyathsandra, Tumakuru",2288,Male,P-2299,2026-07-25,Karnataka,Tumakuru,Sira Gate PS,SI Navya Jadhav
2481,Hanumantha Pasha,31,"Indiranagar, Bengaluru City",2289,Male,P-2300,2026-07-25,Karnataka,Bengaluru City,Whitefield PS,SI Ajay Patil
2482,Umesh Rai,25,"Koramangala, Bengaluru City",2290,Male,P-2301,2026-07-25,Karnataka,Bengaluru City,Yeshwanthpur PS,ASI Irfan Udupa
2483,Sunil Kini,48,"Koramangala, Bengaluru City",2290,Male,P-2302,2026-07-17,Karnataka,Bengaluru City,Yeshwanthpur PS,ASI Manjunath Kulkarni
2484,Suresh Moily,37,"Yeshwanthpur, Bengaluru City",2292,Male,P-2303,2026-07-25,Karnataka,Bengaluru City,Indiranagar PS,PSI Pavan Pai
2485,Basavaraj Swamy,27,"Whitefield, Bengaluru City",2293,Male,P-2304,2026-07-25,Karnataka,Bengaluru City,Yeshwanthpur PS,PSI Anand Poojary
2486,Arun Sait,33,"Ullal, Mangaluru",2294,Male,P-2305,2026-07-25,Karnataka,Mangaluru,Kadri PS,DySP Venkatesh Reddy
2487,Praveen Pasha,27,"Ullal, Mangaluru",2294,Male,P-2306,,,,,
2488,Praveen Pasha,22,"Jayanagar, Bengaluru City",2296,Male,P-2307,2026-07-25,Karnataka,Bengaluru City,Yeshwanthpur PS,ASI Irfan Udupa
2489,Pallavi Sait,33,"Whitefield, Bengaluru City",2297,Female,P-2308,2026-07-14,Karnataka,Bengaluru City,Yeshwanthpur PS,ASI Manjunath Kulkarni
2490,Harish Sait,34,"Kadri, Mangaluru",2300,Male,P-0018,,,,,
2491,Hanumantha Pinto,39,"Kadri, Mangaluru",2300,Male,P-0016,2026-07-25,Karnataka,Mangaluru,Surathkal PS,SI Jagadish Rai
2492,Anand Sait,32,"Kadri, Mangaluru",2300,Male,P-0019,,,,,
2493,Basavaraj Madiwal,21,"Jayanagar, Bengaluru City",2301,Male,P-2309,2026-07-25,Karnataka,Bengaluru City,Koramangala PS,DySP Suresh Kulkarni
2494,Prakash Ballal,33,"Jayanagar, Bengaluru City",2301,Male,P-2310,2026-07-22,Karnataka,Bengaluru City,Koramangala PS,ASI Manjunath Pasha
2495,Srinivas Murthy,40,"Adarsh Nagar, Vijayapura",2302,Male,P-2311,2026-07-25,Karnataka,Vijayapura,Gandhi Chowk PS,SI Peter Jadhav
2496,Pavan Hegde,35,"Barke, Mangaluru",2303,Male,P-2312,,,,,
2497,Anil Kulkarni,31,"Cubbon Park, Bengaluru City",2304,Male,P-2313,,,,,
2498,Bharath Iyer,23,"Saraswathipuram, Mysuru",2305,Male,P-2314,2026-07-12,Karnataka,Mysuru,Kuvempunagar PS,SI Abhishek Naik
2499,Dinesh Moily,37,"Yeshwanthpur, Bengaluru City",2306,Male,P-2315,2026-07-25,Karnataka,Bengaluru City,Cubbon Park PS,PSI Nagaraj Murthy
2500,Ayesha Nayak,32,"Vinoba Nagar, Shivamogga",2307,Female,P-0038,,,,,
2501,Yash Shetty,25,"Vinoba Nagar, Shivamogga",2307,Male,P-0036,,,,,
2502,Siddaraju Udupa,27,"Vinoba Nagar, Shivamogga",2307,Male,P-0035,,,,,
2503,Krishna Khan,23,"Vinoba Nagar, Shivamogga",2307,Male,P-2316,,,,,
2504,Praveen Ballal,27,"Dharwad Town, Hubballi-Dharwad",2308,Male,P-2317,2026-07-25,Karnataka,Hubballi-Dharwad,Vidyanagar PS,ASI Jagadish Alva
2505,Bhavya Angadi,23,"Dharwad Town, Hubballi-Dharwad",2308,Female,P-2318,,,,,
2506,Syed Deshpande,31,"Devaraja, Mysuru",2309,Male,P-2319,2026-07-22,Karnataka,Mysuru,Kuvempunagar PS,ASI Sanjay Pawar
2507,Manjunath Chavan,33,"Saraswathipuram, Mysuru",2310,Male,P-2320,2026-07-25,Karnataka,Mysuru,Kuvempunagar PS,SI Rekha DSouza
2508,Girish Puthran,41,"Panambur, Mangaluru",2314,Male,P-2321,2026-07-19,Karnataka,Mangaluru,Barke PS,PSI Lokesh Devadiga
2509,Vinod Shanbhag,49,"Koramangala, Bengaluru City",2315,Male,P-0052,,,,,
2510,Dinesh Shinde,42,"Station Bazar, Kalaburagi",2316,Male,P-0042,2026-07-25,Karnataka,Kalaburagi,Brahmpur PS,SI Sagar Chavan
2511,Mary Shanbhag,29,"Station Bazar, Kalaburagi",2316,Female,P-2322,2026-07-25,Karnataka,Kalaburagi,Brahmpur PS,PSI Vinod Reddy
2512,Geetha Madiwal,24,"Old Hubballi, Hubballi-Dharwad",2317,Female,P-2323,,,,,
2513,Anitha Deshpande,22,"Doddapete, Shivamogga",2319,Female,P-2324,2026-07-20,Karnataka,Shivamogga,Vinoba Nagar PS,PSI Ramesh Pinto
2514,Hanumantha Udupa,26,"Gandhi Chowk, Vijayapura",2320,Male,P-2325,2026-07-22,Karnataka,Vijayapura,Jorapur Peth PS,PSI Shobha Gowda
2515,Ajay Shinde,39,"Indiranagar, Bengaluru City",2322,Male,P-0021,2026-07-25,Karnataka,Bengaluru City,Cubbon Park PS,SI Darshan Madiwal
2516,Krishna Poojary,33,"Indiranagar, Bengaluru City",2322,Male,P-0020,2026-07-18,Karnataka,Bengaluru City,Cubbon Park PS,SI Darshan Madiwal
2517,Raghavendra Shinde,29,"Indiranagar, Bengaluru City",2322,Male,P-0022,2026-07-21,Karnataka,Bengaluru City,Cubbon Park PS,SI Shivakumar Pinto
2518,Gagan Shinde,25,"Indiranagar, Bengaluru City",2322,Male,P-0024,,,,,
2519,Harish Sait,34,"Ullal, Mangaluru",2323,Male,P-0018,2026-07-25,Karnataka,Mangaluru,Kadri PS,DySP Seetha Salian
2520,Vanitha Kini,31,"Ullal, Mangaluru",2323,Female,P-0015,,,,,
2521,Suresh Lobo,34,"Manipal, Udupi",2324,Male,P-2326,2026-07-15,Karnataka,Udupi,Kaup PS,Inspector Asha Suvarna
2522,Abdul Shanbhag,46,"Yeshwanthpur, Bengaluru City",2325,Male,P-2327,2026-07-25,Karnataka,Bengaluru City,Cubbon Park PS,PSI Joseph Prabhu
2523,Srinivas Deshpande,38,"Indiranagar, Bengaluru City",2330,Male,P-0023,2026-07-25,Karnataka,Bengaluru City,Cubbon Park PS,SI Darshan Madiwal
2524,Krishna Poojary,33,"Indiranagar, Bengaluru City",2330,Male,P-0020,,,,,
2525,Ajay Shinde,39,"Indiranagar, Bengaluru City",2330,Male,P-0021,,,,,
2526,Raghavendra Shinde,29,"Indiranagar, Bengaluru City",2330,Male,P-0022,,,,,
2527,Prakash Prabhu,37,"Brahmpur, Kalaburagi",2331,Male,P-2328,2026-07-25,Karnataka,Kalaburagi,Chowk PS,SI Anil Sequeira
2528,Praveen Biradar,47,"Surathkal, Mangaluru",2333,Male,P-2329,2026-07-25,Karnataka,Mangaluru,Panambur PS,ASI Sagar Swamy
2529,Manjunath Pinto,41,"Devaraja, Mysuru",2334,Male,P-2330,2026-07-25,Karnataka,Mysuru,Lashkar PS,SI Shankar Hegde
2530,Mohan Gowda,31,"Devaraja, Mysuru",2334,Male,P-2331,2026-07-17,Karnataka,Mysuru,Lashkar PS,ASI Sanjay Deshpande
2531,Rakesh Madiwal,32,"Station Road, Vijayapura",2335,Male,P-2332,2026-07-25,Karnataka,Vijayapura,Gandhi Chowk PS,PSI Rohan Baig
2532,Pavan Bangera,32,"Station Road, Vijayapura",2335,Male,P-2333,2026-07-15,Karnataka,Vijayapura,Gandhi Chowk PS,SI Sunil Shetty
2533,Hanumantha Rai,23,"Jayanagar, Bengaluru City",2337,Male,P-2334,2026-07-25,Karnataka,Bengaluru City,Yeshwanthpur PS,PSI Anand Poojary
2534,Siddaraju Deshpande,33,"Station Bazar, Kalaburagi",2340,Male,P-2335,,,,,
2535,Chetan Suvarna,42,"Cubbon Park, Bengaluru City",2341,Male,P-2336,,,,,
2536,Karthik Moily,29,"KTJ Nagar, Davanagere",2342,Male,P-2337,2026-07-25,Karnataka,Davanagere,Bethur Road PS,Inspector Sanjay Pinto
2537,Sagar Hiremath,35,"Jayanagar, Bengaluru City",2343,Male,P-2338,2026-07-25,Karnataka,Bengaluru City,Whitefield PS,SI Girish Hegde
2538,Joseph Acharya,42,"Jayanagar, Bengaluru City",2343,Male,P-2339,2026-07-25,Karnataka,Bengaluru City,Whitefield PS,PSI Santhosh Bangera
2539,Dinesh Hiremath,44,"Yeshwanthpur, Bengaluru City",2344,Male,P-2340,2026-07-16,Karnataka,Bengaluru City,Jayanagar PS,Inspector Umesh Hiremath
2540,Girish Pasha,32,"Jorapur Peth, Vijayapura",2347,Male,P-2341,,,,,
2541,Shivakumar Chavan,31,"Jorapur Peth, Vijayapura",2347,Male,P-2342,,,,,
2542,Shivakumar Shanbhag,32,"Jorapur Peth, Vijayapura",2347,Male,P-2343,2026-07-14,Karnataka,Vijayapura,Station Road PS,DySP Vinod Ballal
2543,Gagan Murthy,47,"Kadri, Mangaluru",2348,Male,P-2344,2026-07-15,Karnataka,Mangaluru,Ullal PS,SI Irfan Deshpande
2544,Puneeth Kumar,43,"Doddapete, Shivamogga",2351,Male,P-2345,2026-07-25,Karnataka,Shivamogga,Tilak Nagar PS,Inspector Farhan Pinto
2545,Savitha Reddy,23,"Doddapete, Shivamogga",2351,Female,P-2346,2026-07-19,Karnataka,Shivamogga,Tilak Nagar PS,ASI Peter Udupa
2546,Chetan Shanbhag,40,"Cowl Bazar, Ballari",2353,Male,P-2347,,,,,
2547,Lokesh Hiremath,37,"Cowl Bazar, Ballari",2353,Male,P-2348,2026-07-25,Karnataka,Ballari,Kampli Road PS,ASI Naveen Naik
2548,Salma Prabhu,31,"Sira Gate, Tumakuru",2355,Female,P-2349,2026-07-25,Karnataka,Tumakuru,Kyathsandra PS,PSI Sudeep Madiwal
2549,Naveen Karanth,27,"Antharasanahalli, Tumakuru",2356,Male,P-0043,2026-07-25,Karnataka,Tumakuru,Sira Gate PS,ASI Harish Prabhu
2550,Sunitha Madiwal,27,"Antharasanahalli, Tumakuru",2356,Female,P-2350,2026-07-25,Karnataka,Tumakuru,Sira Gate PS,SI Navya Jadhav
2551,Lokesh Puthran,24,"Azad Nagar, Davanagere",2357,Male,P-2351,,,,,
2552,Farhan Hegde,47,"Devaraja, Mysuru",2358,Male,P-2352,,,,,
2553,Hanumantha Prabhu,40,"Yeshwanthpur, Bengaluru City",2359,Male,P-2353,2026-07-25,Karnataka,Bengaluru City,Koramangala PS,SI Bhavya Kamath
2554,Srinivas Deshpande,38,"Indiranagar, Bengaluru City",2360,Male,P-0023,2026-07-25,Karnataka,Bengaluru City,Koramangala PS,SI Bhavya Kamath
2555,Gagan Shinde,25,"Indiranagar, Bengaluru City",2360,Male,P-0024,2026-07-25,Karnataka,Bengaluru City,Koramangala PS,Inspector Farhan Sharma
2556,Raghavendra Shinde,29,"Indiranagar, Bengaluru City",2360,Male,P-0022,,,,,
2557,Ajay Shinde,39,"Indiranagar, Bengaluru City",2360,Male,P-0021,,,,,
2558,Sudeep Iyengar,49,"Surathkal, Mangaluru",2362,Male,P-2354,,,,,
2559,Gopal Baig,33,"Vidyanagar, Hubballi-Dharwad",2363,Male,P-0063,2026-07-25,Karnataka,Hubballi-Dharwad,Old Hubballi PS,ASI Umesh Devadiga
2560,Jagadish Sharma,30,"Whitefield, Bengaluru City",2364,Male,P-2355,2026-07-25,Karnataka,Bengaluru City,Yeshwanthpur PS,PSI Anand Poojary
2561,Mustafa Patil,25,"Whitefield, Bengaluru City",2364,Male,P-2356,2026-07-25,Karnataka,Bengaluru City,Yeshwanthpur PS,ASI Bharath Bangera
2562,Sanjay Adiga,45,"Station Road, Vijayapura",2366,Male,P-2357,,,,,
2563,Siddaraju Khan,45,"Yeshwanthpur, Bengaluru City",2367,Male,P-2358,2026-07-25,Karnataka,Bengaluru City,Indiranagar PS,SI Nisha Acharya
2564,Madhu Reddy,32,"Whitefield, Bengaluru City",2369,Male,P-2359,,,,,
2565,Wilson Achar,25,"Whitefield, Bengaluru City",2369,Male,P-2360,,,,,
2566,Pavan Adiga,46,"Koramangala, Bengaluru City",2370,Male,P-2361,2026-07-25,Karnataka,Bengaluru City,Jayanagar PS,DySP Anil Kini
2567,Wilson Chavan,45,"Camp, Belagavi",2371,Male,P-2362,,,,,
2568,Charan Adiga,38,"Hassan Town, Hassan",2373,Male,P-2363,2026-07-25,Karnataka,Hassan,Salagame Road PS,PSI Girish Moily
2569,Wilson Rai,38,"Hassan Town, Hassan",2373,Male,P-2364,,,,,
2570,Sagar Bhat,27,"Indiranagar, Bengaluru City",2375,Male,P-2365,2026-07-25,Karnataka,Bengaluru City,Koramangala PS,PSI Lakshmi Hiremath
2571,Riyaz Prabhu,23,"Panambur, Mangaluru",2376,Male,P-2366,,,,,
2572,Mahesh Rao,28,"Indiranagar, Bengaluru City",2377,Male,P-2367,2026-07-25,Karnataka,Bengaluru City,Koramangala PS,SI Bhavya Kamath
2573,Shivakumar Sharma,26,"Indiranagar, Bengaluru City",2377,Male,P-2368,2026-07-25,Karnataka,Bengaluru City,Koramangala PS,PSI Lakshmi Hiremath
2574,Shobha Salian,32,"Yeshwanthpur, Bengaluru City",2380,Female,P-2369,,,,,
2575,Lokesh Angadi,50,"Station Road, Vijayapura",2381,Male,P-2370,,,,,
2576,Santhosh Jadhav,35,"Station Road, Vijayapura",2381,Male,P-2371,2026-07-25,Karnataka,Vijayapura,Jorapur Peth PS,ASI Priya Kumar
2577,Krishna Lobo,27,"Kuvempunagar, Mysuru",2382,Male,P-0012,,,,,
2578,Manjunath Shinde,36,"Kuvempunagar, Mysuru",2382,Male,P-0011,2026-07-25,Karnataka,Mysuru,Saraswathipuram PS,PSI Umesh Iyengar
2579,Rajesh Biradar,29,"Kuvempunagar, Mysuru",2382,Male,P-0010,,,,,
2580,Shruthi Iyer,43,"Kuvempunagar, Mysuru",2382,Female,P-2372,2026-07-25,Karnataka,Mysuru,Saraswathipuram PS,ASI Rekha Naik
2581,Harish Baig,50,"Whitefield, Bengaluru City",2383,Male,P-2373,,,,,
2582,Hanumantha Pinto,39,"Panambur, Mangaluru",2384,Male,P-0016,2026-07-25,Karnataka,Mangaluru,Barke PS,ASI Abdul Hegde
2583,Anand Sait,32,"Panambur, Mangaluru",2384,Male,P-0019,2026-07-25,Karnataka,Mangaluru,Barke PS,ASI Abdul Hegde
2584,Vanitha Kini,31,"Panambur, Mangaluru",2384,Female,P-0015,,,,,
2585,Harish Sait,34,"Panambur, Mangaluru",2384,Male,P-0018,,,,,
2586,Anand Sait,32,"Barke, Mangaluru",2385,Male,P-0019,,,,,
2587,Harish Sait,34,"Barke, Mangaluru",2385,Male,P-0018,2026-07-25,Karnataka,Mangaluru,Kadri PS,SI Farhan Sharma
2588,Naveen Puthran,47,"Jorapur Peth, Vijayapura",2386,Male,P-2374,2026-07-25,Karnataka,Vijayapura,Adarsh Nagar PS,Inspector Manjunath Sequeira
2589,Gagan Salian,48,"Surathkal, Mangaluru",2388,Male,P-2375,2026-07-25,Karnataka,Mangaluru,Panambur PS,Inspector Venkatesh Devadiga
2590,Nithin Kini,45,"Koramangala, Bengaluru City",2390,Male,P-2376,,,,,
2591,Charan Lobo,31,"Koramangala, Bengaluru City",2390,Male,P-2377,,,,,
2592,Girish Alva,35,"Cubbon Park, Bengaluru City",2391,Male,P-2378,2026-07-25,Karnataka,Bengaluru City,Whitefield PS,SI Girish Hegde
2593,Raghavendra Bangera,30,"Doddapete, Shivamogga",2393,Male,P-0057,2026-07-25,Karnataka,Shivamogga,Vinoba Nagar PS,PSI Rajesh Pai
2594,Chandru Devadiga,42,"Azad Nagar, Davanagere",2394,Male,P-2379,2026-07-25,Karnataka,Davanagere,Nittuvalli PS,PSI Irfan Ballal
2595,Bharath Khan,28,"Azad Nagar, Davanagere",2394,Male,P-2380,2026-07-25,Karnataka,Davanagere,Nittuvalli PS,PSI Abdul Bangera
2596,Mustafa Shinde,35,"Hassan Town, Hassan",2395,Male,P-2381,2026-07-25,Karnataka,Hassan,Salagame Road PS,PSI Rakesh Baig
2597,Chandru Pai,40,"Surathkal, Mangaluru",2396,Male,P-2382,2026-07-25,Karnataka,Mangaluru,Kadri PS,SI Umesh Lobo
2598,Ravi Bangera,24,"Station Road, Vijayapura",2397,Male,P-0027,,,,,
2599,Yash Moily,22,"Station Road, Vijayapura",2397,Male,P-0025,,,,,
2600,Gagan Rai,26,"Pension Mohalla, Hassan",2398,Male,P-2383,,,,,
2601,Gagan Hiremath,44,"Indiranagar, Bengaluru City",2400,Male,P-2384,2026-07-25,Karnataka,Bengaluru City,Cubbon Park PS,PSI Joseph Prabhu
2602,Krishna Joshi,28,"Indiranagar, Bengaluru City",2400,Male,P-2385,,,,,
2603,Lokesh Bhat,45,"Indiranagar, Bengaluru City",2400,Male,P-2386,2026-07-25,Karnataka,Bengaluru City,Cubbon Park PS,PSI Nagaraj Murthy
2604,Ajay Shinde,39,"Cubbon Park, Bengaluru City",2402,Male,P-0021,,,,,
2605,Srinivas Deshpande,38,"Cubbon Park, Bengaluru City",2402,Male,P-0023,2026-07-25,Karnataka,Bengaluru City,Whitefield PS,ASI Gowri Kini
2606,Gagan Shinde,25,"Cubbon Park, Bengaluru City",2402,Male,P-0024,2026-07-25,Karnataka,Bengaluru City,Whitefield PS,SI Girish Hegde
2607,Ravi DSouza,33,"Cubbon Park, Bengaluru City",2402,Male,P-2387,,,,,
2608,Vinod Achar,38,"Koramangala, Bengaluru City",2403,Male,P-2388,2026-07-25,Karnataka,Bengaluru City,Cubbon Park PS,PSI Joseph Prabhu
2609,Ravi Madiwal,50,"Koramangala, Bengaluru City",2403,Male,P-2389,,,,,
2610,Madhu Deshpande,50,"Koramangala, Bengaluru City",2403,Male,P-2390,2026-07-25,Karnataka,Bengaluru City,Cubbon Park PS,SI Shivakumar Pinto
2611,Madhu Alva,27,"KTJ Nagar, Davanagere",2404,Male,P-2391,2026-07-25,Karnataka,Davanagere,Nittuvalli PS,PSI Abdul Bangera
2612,Anand Suvarna,25,"Koramangala, Bengaluru City",2406,Male,P-2392,,,,,
2613,Salman Moily,22,"Whitefield, Bengaluru City",2408,Male,P-2393,2026-07-25,Karnataka,Bengaluru City,Yeshwanthpur PS,ASI Manjunath Kulkarni
2614,Ayesha Swamy,28,"Whitefield, Bengaluru City",2408,Female,P-2394,2026-07-25,Karnataka,Bengaluru City,Yeshwanthpur PS,ASI Manjunath Kulkarni
2615,Raghavendra Pai,46,"Vidyanagar, Hubballi-Dharwad",2409,Male,P-2395,2026-07-25,Karnataka,Hubballi-Dharwad,Dharwad Town PS,SI Arun Sheikh
2616,Imran Swamy,40,"Panambur, Mangaluru",2410,Male,P-2396,,,,,
2617,Wilson Fernandes,25,"Panambur, Mangaluru",2410,Male,P-2397,,,,,
2618,Farhan Shinde,50,"Panambur, Mangaluru",2410,Male,P-2398,2026-07-25,Karnataka,Mangaluru,Kadri PS,DySP Nithin Kattimani
2619,Shobha Bhat,49,"Yeshwanthpur, Bengaluru City",2411,Female,P-2399,2026-07-25,Karnataka,Bengaluru City,Jayanagar PS,ASI Bharath Iyer
